id,name,type,region,size,installDate,expectedLifespan,conditionScore,lastInspection,Direct Replacement Cost,Service Value
DSW-000016,Green Infrastructure,DSW,Custom - Ginters Pond,340,1900-01-01,500,4,1900-01-01,"$26,036 ","$15,019 "
RIP-000731,Wetland,RIP,Custom - Ginters Pond,579,1900-01-01,500,5,1900-01-01,"$5,161 ","$7,093 "
TRF-000310,Grass,TRF,Custom - Hudsons Bay,5898,1900-01-01,500,4,1900-01-01,"$743,332 ","$26,398 "
FRT-002366,Trees,FRT,Custom - Hudsons Bay,1299,1900-01-01,500,4,1900-01-01,$534 ,"$4,575 "
POS-000282,Grass,POS,Custom - Hudsons Bay,21161,1900-01-01,500,4,1900-01-01,"$366,678 ","$125,161 "
FRT-002375,Trees,FRT,Custom - Hudsons Bay,165,1900-01-01,500,5,1900-01-01,$68 ,$582 
FRT-002369,Trees,FRT,Custom - Hudsons Bay,418,1900-01-01,500,5,1900-01-01,$172 ,"$1,473 "
FRT-002355,Trees,FRT,Custom - Hudsons Bay,52,1900-01-01,500,4,1900-01-01,$21 ,$184 
UBT-000014,Trees,UBT,Custom - Hudsons Bay,1,1900-01-01,500,5,1900-01-01,"$1,596 ","$1,418 "
POS-000272,Grass,POS,Custom - Hudsons Bay,6312,1900-01-01,500,5,1900-01-01,"$109,368 ","$37,331 "
FRT-002372,Trees,FRT,Custom - Hudsons Bay,78,1900-01-01,500,5,1900-01-01,$32 ,$276 
FRT-002368,Trees,FRT,Custom - Hudsons Bay,1058,1900-01-01,500,4,1900-01-01,$435 ,"$3,726 "
FRT-002373,Trees,FRT,Custom - Hudsons Bay,415,1900-01-01,500,4,1900-01-01,$171 ,"$1,462 "
POS-000360,Grass,POS,Custom - Hudsons Bay,188411,1900-01-01,500,4,1900-01-01,"$3,264,785 ","$1,114,392 "
FRT-002374,Trees,FRT,Custom - Hudsons Bay,127,1900-01-01,500,5,1900-01-01,$52 ,$448 
FRT-002371,Trees,FRT,Custom - Hudsons Bay,322,1900-01-01,500,4,1900-01-01,$132 ,"$1,135 "
RIP-000494,Wetland,RIP,Custom - Hudsons Bay,136683,1900-01-01,500,4,1900-01-01,"$1,218,853 ","$1,675,253 "
DSW-000027,Green Infrastructure,DSW,Custom - Hudsons Bay,49058,1900-01-01,500,3,1900-01-01,"$3,761,837 ","$2,169,991 "
FRT-002370,Trees,FRT,Custom - Hudsons Bay,99,1900-01-01,500,5,1900-01-01,$41 ,$348 
FRT-002359,Trees,FRT,Custom - Hudsons Bay,0,1900-01-01,500,3,1900-01-01,$0 ,$0 
BLT-000554,Built,BLT,Custom - Hudsons Bay,2313,1900-01-01,500,3,1900-01-01,$0 ,$0 
BLT-000553,Built,BLT,Custom - Hudsons Bay,36194,1900-01-01,500,2,1900-01-01,$0 ,$0 
FRT-002376,Trees,FRT,Custom - Hudsons Bay,828,1900-01-01,500,4,1900-01-01,$340 ,"$2,917 "
TRF-000308,Grass,TRF,Custom - Hudsons Bay,12104,1900-01-01,500,4,1900-01-01,"$1,525,327 ","$54,169 "
UBT-000015,Trees,UBT,Custom - Hudsons Bay,1,1900-01-01,500,4,1900-01-01,"$1,596 ","$1,418 "
WTR-006702,Water,WTR,Custom - Hudsons Bay,4,1900-01-01,500,1,1900-01-01,$0 ,$0 
GRS-002273,Grass,GRS,Airport,531,1900-01-01,500,4,1900-01-01,$218 ,"$1,934 "
GRS-006524,Grass,GRS,Airport,2126,1900-01-01,500,1,1900-01-01,$874 ,"$7,736 "
FRT-002114,Trees,FRT,Airport,100,1900-01-01,500,5,1900-01-01,$41 ,$353 
RIP-000506,Wetland,RIP,Airport,8707,1900-01-01,500,3,1900-01-01,"$77,643 ","$106,716 "
FRT-002298,Trees,FRT,Airport,1063,1900-01-01,500,4,1900-01-01,$437 ,"$3,743 "
FRT-002054,Trees,FRT,Airport,46,1900-01-01,500,5,1900-01-01,$19 ,$161 
POS-000096,Grass,POS,Airport,111204,1900-01-01,500,5,1900-01-01,"$1,926,940 ","$657,736 "
BRE-006480,Bare,BRE,Airport,1594,1900-01-01,500,1,1900-01-01,$0 ,$0 
GRS-001154,Grass,GRS,Airport,11719,1900-01-01,500,4,1900-01-01,"$4,816 ","$42,652 "
FRT-001899,Trees,FRT,Airport,6972,1900-01-01,500,5,1900-01-01,"$2,865 ","$24,557 "
GRS-001056,Grass,GRS,Airport,264085,1900-01-01,500,4,1900-01-01,"$108,523 ","$961,108 "
FRT-001993,Trees,FRT,Airport,2447,1900-01-01,500,4,1900-01-01,"$1,006 ","$8,621 "
BRE-006765,Bare,BRE,Airport,1,1900-01-01,500,5,1900-01-01,$0 ,$0 
BRE-006761,Bare,BRE,Airport,531,1900-01-01,500,1,1900-01-01,$0 ,$0 
SHR-006016,Shrubs,SHR,Airport,2126,1900-01-01,500,2,1900-01-01,$699 ,"$2,280 "
SHR-006000,Shrubs,SHR,Airport,177,1900-01-01,500,3,1900-01-01,$58 ,$189 
GRS-001163,Grass,GRS,Airport,8985,1900-01-01,500,4,1900-01-01,"$3,692 ","$32,701 "
SHR-005995,Shrubs,SHR,Airport,531,1900-01-01,500,3,1900-01-01,$175 ,$570 
GRS-001066,Grass,GRS,Airport,7699,1900-01-01,500,4,1900-01-01,"$3,164 ","$28,021 "
FRT-001981,Trees,FRT,Airport,250,1900-01-01,500,4,1900-01-01,$103 ,$881 
GRS-001052,Grass,GRS,Airport,1063,1900-01-01,500,4,1900-01-01,$437 ,"$3,869 "
SHR-006005,Shrubs,SHR,Airport,531,1900-01-01,500,2,1900-01-01,$175 ,$570 
GRS-006476,Grass,GRS,Airport,8500,1900-01-01,500,1,1900-01-01,"$3,493 ","$30,937 "
GRS-005602,Grass,GRS,Airport,532,1900-01-01,500,3,1900-01-01,$218 ,"$1,935 "
BRE-006429,Bare,BRE,Airport,531,1900-01-01,500,1,1900-01-01,$0 ,$0 
RIP-000526,Wetland,RIP,Airport,271915,1900-01-01,500,4,1900-01-01,"$2,424,771 ","$3,332,728 "
FRT-002108,Trees,FRT,Airport,100,1900-01-01,500,4,1900-01-01,$41 ,$353 
FRT-001966,Trees,FRT,Airport,5406,1900-01-01,500,4,1900-01-01,"$2,222 ","$19,043 "
FRT-002118,Trees,FRT,Airport,20016,1900-01-01,500,5,1900-01-01,"$8,225 ","$70,501 "
WTD-001018,Wetland,WTD,Airport,3580,1900-01-01,500,4,1900-01-01,"$49,772 ","$9,902 "
GRS-000994,Grass,GRS,Airport,1063,1900-01-01,500,3,1900-01-01,$437 ,"$3,870 "
GRS-001141,Grass,GRS,Airport,13086,1900-01-01,500,4,1900-01-01,"$5,378 ","$47,627 "
SHR-006069,Shrubs,SHR,Airport,4786,1900-01-01,500,4,1900-01-01,"$1,573 ","$5,134 "
WTD-001019,Wetland,WTD,Airport,191,1900-01-01,500,5,1900-01-01,"$2,656 ",$528 
GRS-005656,Grass,GRS,Airport,3191,1900-01-01,500,3,1900-01-01,"$1,311 ","$11,614 "
RIP-000498,Wetland,RIP,Airport,360272,1900-01-01,500,5,1900-01-01,"$3,212,684 ","$4,415,675 "
FRT-001956,Trees,FRT,Airport,3169,1900-01-01,500,4,1900-01-01,"$1,302 ","$11,162 "
GRS-001092,Grass,GRS,Airport,531,1900-01-01,500,4,1900-01-01,$218 ,"$1,934 "
GRS-006523,Grass,GRS,Airport,1063,1900-01-01,500,2,1900-01-01,$437 ,"$3,868 "
RIP-000589,Wetland,RIP,Airport,22952,1900-01-01,500,5,1900-01-01,"$204,673 ","$281,313 "
BRE-006427,Bare,BRE,Airport,531,1900-01-01,500,1,1900-01-01,$0 ,$0 
GRS-001015,Grass,GRS,Airport,15,1900-01-01,500,5,1900-01-01,$6 ,$56 
FRT-002122,Trees,FRT,Airport,100,1900-01-01,500,4,1900-01-01,$41 ,$353 
RIP-000525,Wetland,RIP,Airport,11209,1900-01-01,500,5,1900-01-01,"$99,954 ","$137,382 "
SHR-005992,Shrubs,SHR,Airport,531,1900-01-01,500,2,1900-01-01,$175 ,$570 
WTD-001021,Wetland,WTD,Airport,16218,1900-01-01,500,4,1900-01-01,"$225,488 ","$44,861 "
WTD-002244,Wetland,WTD,Airport,2403,1900-01-01,500,5,1900-01-01,"$33,415 ","$6,648 "
FRT-002055,Trees,FRT,Airport,1380,1900-01-01,500,5,1900-01-01,$567 ,"$4,862 "
BRE-006409,Bare,BRE,Airport,11692,1900-01-01,500,1,1900-01-01,$0 ,$0 
SHR-005960,Shrubs,SHR,Airport,17,1900-01-01,500,5,1900-01-01,$6 ,$18 
RIP-000585,Wetland,RIP,Airport,4477,1900-01-01,500,5,1900-01-01,"$39,920 ","$54,869 "
FRT-005637,Trees,FRT,Airport,8505,1900-01-01,500,4,1900-01-01,"$3,495 ","$29,958 "
GRS-001017,Grass,GRS,Airport,4522,1900-01-01,500,3,1900-01-01,"$1,858 ","$16,457 "
BLT-000169,Built,BLT,Airport,45735,1900-01-01,500,2,1900-01-01,$0 ,$0 
FRT-002007,Trees,FRT,Airport,32785,1900-01-01,500,4,1900-01-01,"$13,473 ","$115,479 "
SHR-006071,Shrubs,SHR,Airport,506,1900-01-01,500,4,1900-01-01,$166 ,$543 
BRE-006743,Bare,BRE,Airport,1514,1900-01-01,500,2,1900-01-01,$0 ,$0 
SHR-006085,Shrubs,SHR,Airport,3719,1900-01-01,500,2,1900-01-01,"$1,223 ","$3,989 "
BRE-006467,Bare,BRE,Airport,2658,1900-01-01,500,1,1900-01-01,$0 ,$0 
BLT-000117,Built,BLT,Airport,12704,1900-01-01,500,2,1900-01-01,$0 ,$0 
GRS-006498,Grass,GRS,Airport,1062,1900-01-01,500,2,1900-01-01,$437 ,"$3,867 "
FRT-001961,Trees,FRT,Airport,368,1900-01-01,500,4,1900-01-01,$151 ,"$1,297 "
GRS-001134,Grass,GRS,Airport,532,1900-01-01,500,4,1900-01-01,$218 ,"$1,935 "
FRT-002231,Trees,FRT,Airport,77,1900-01-01,500,4,1900-01-01,$32 ,$271 
GRS-001016,Grass,GRS,Airport,44347,1900-01-01,500,4,1900-01-01,"$18,224 ","$161,397 "
BRE-006453,Bare,BRE,Airport,167296,1900-01-01,500,1,1900-01-01,$0 ,$0 
FRT-002085,Trees,FRT,Airport,259,1900-01-01,500,5,1900-01-01,$107 ,$913 
BRE-006751,Bare,BRE,Airport,531,1900-01-01,500,1,1900-01-01,$0 ,$0 
FRT-002121,Trees,FRT,Airport,8507,1900-01-01,500,5,1900-01-01,"$3,496 ","$29,963 "
BRE-006762,Bare,BRE,Airport,1594,1900-01-01,500,1,1900-01-01,$0 ,$0 
RIP-000579,Wetland,RIP,Airport,12710,1900-01-01,500,5,1900-01-01,"$113,341 ","$155,781 "
RIP-000491,Wetland,RIP,Airport,10809,1900-01-01,500,4,1900-01-01,"$96,384 ","$132,475 "
RIP-000548,Wetland,RIP,Airport,243,1900-01-01,500,5,1900-01-01,"$2,164 ","$2,974 "
RIP-000536,Wetland,RIP,Airport,26921,1900-01-01,500,4,1900-01-01,"$240,068 ","$329,961 "
FRT-002232,Trees,FRT,Airport,49409,1900-01-01,500,4,1900-01-01,"$20,304 ","$174,033 "
FRT-002190,Trees,FRT,Airport,2002,1900-01-01,500,5,1900-01-01,$823 ,"$7,050 "
SHR-005981,Shrubs,SHR,Airport,8,1900-01-01,500,5,1900-01-01,$3 ,$9 
FRT-002000,Trees,FRT,Airport,145,1900-01-01,500,4,1900-01-01,$60 ,$510 
POS-000093,Grass,POS,Airport,20120,1900-01-01,500,5,1900-01-01,"$348,639 ","$119,003 "
BLT-000190,Built,BLT,Airport,11264,1900-01-01,500,2,1900-01-01,$0 ,$0 
GRS-005658,Grass,GRS,Airport,1064,1900-01-01,500,3,1900-01-01,$437 ,"$3,871 "
GRS-001160,Grass,GRS,Airport,29217,1900-01-01,500,4,1900-01-01,"$12,007 ","$106,333 "
FRT-002090,Trees,FRT,Airport,7706,1900-01-01,500,5,1900-01-01,"$3,167 ","$27,143 "
RIP-000454,Wetland,RIP,Airport,15112,1900-01-01,500,2,1900-01-01,"$134,759 ","$185,220 "
FRT-001975,Trees,FRT,Airport,235,1900-01-01,500,4,1900-01-01,$97 ,$828 
FRT-002115,Trees,FRT,Airport,1101,1900-01-01,500,5,1900-01-01,$452 ,"$3,878 "
GRS-002222,Grass,GRS,Airport,532,1900-01-01,500,4,1900-01-01,$218 ,"$1,935 "
FRT-002053,Trees,FRT,Airport,8423,1900-01-01,500,5,1900-01-01,"$3,461 ","$29,669 "
FRT-002099,Trees,FRT,Airport,2402,1900-01-01,500,5,1900-01-01,$987 ,"$8,460 "
SHR-005962,Shrubs,SHR,Airport,61665,1900-01-01,500,5,1900-01-01,"$20,272 ","$66,145 "
RIP-000418,Wetland,RIP,Airport,13173,1900-01-01,500,5,1900-01-01,"$117,470 ","$161,456 "
FRT-002105,Trees,FRT,Airport,1401,1900-01-01,500,5,1900-01-01,$576 ,"$4,935 "
GRS-005598,Grass,GRS,Airport,2031,1900-01-01,500,2,1900-01-01,$835 ,"$7,391 "
RIP-000551,Wetland,RIP,Airport,6677,1900-01-01,500,5,1900-01-01,"$59,543 ","$81,838 "
FRT-002123,Trees,FRT,Airport,200,1900-01-01,500,5,1900-01-01,$82 ,$705 
FRT-002045,Trees,FRT,Airport,143224,1900-01-01,500,5,1900-01-01,"$58,857 ","$504,475 "
BRE-006432,Bare,BRE,Airport,2433,1900-01-01,500,1,1900-01-01,$0 ,$0 
RIP-000489,Wetland,RIP,Airport,109486,1900-01-01,500,3,1900-01-01,"$976,334 ","$1,341,922 "
FRT-002128,Trees,FRT,Airport,200,1900-01-01,500,5,1900-01-01,$82 ,$705 
FRT-001999,Trees,FRT,Airport,46,1900-01-01,500,5,1900-01-01,$19 ,$161 
BRE-006826,Bare,BRE,Airport,531,1900-01-01,500,1,1900-01-01,$0 ,$0 
GRS-001139,Grass,GRS,Airport,6915,1900-01-01,500,4,1900-01-01,"$2,842 ","$25,165 "
GRS-001153,Grass,GRS,Airport,532,1900-01-01,500,4,1900-01-01,$219 ,"$1,936 "
BLT-000080,Built,BLT,Airport,230171,1900-01-01,500,1,1900-01-01,$0 ,$0 
BLT-005662,Built,BLT,Airport,2125,1900-01-01,500,3,1900-01-01,$0 ,$0 
GRS-002274,Grass,GRS,Airport,531,1900-01-01,500,4,1900-01-01,$218 ,"$1,934 "
GRS-001055,Grass,GRS,Airport,144,1900-01-01,500,5,1900-01-01,$59 ,$524 
BRE-006764,Bare,BRE,Airport,1925,1900-01-01,500,1,1900-01-01,$0 ,$0 
BLT-000158,Built,BLT,Airport,200,1900-01-01,500,4,1900-01-01,$0 ,$0 
BRE-006417,Bare,BRE,Airport,23912,1900-01-01,500,1,1900-01-01,$0 ,$0 
GRS-002271,Grass,GRS,Airport,531,1900-01-01,500,4,1900-01-01,$218 ,"$1,934 "
GRS-005718,Grass,GRS,Airport,2126,1900-01-01,500,3,1900-01-01,$874 ,"$7,737 "
FRT-002233,Trees,FRT,Airport,6288,1900-01-01,500,4,1900-01-01,"$2,584 ","$22,147 "
SHR-005993,Shrubs,SHR,Airport,531,1900-01-01,500,3,1900-01-01,$175 ,$570 
FRT-002113,Trees,FRT,Airport,200,1900-01-01,500,5,1900-01-01,$82 ,$705 
GRS-001010,Grass,GRS,Airport,532,1900-01-01,500,5,1900-01-01,$218 ,"$1,935 "
SHR-006066,Shrubs,SHR,Airport,278,1900-01-01,500,3,1900-01-01,$92 ,$299 
FRT-002110,Trees,FRT,Airport,1186,1900-01-01,500,5,1900-01-01,$487 ,"$4,176 "
FRT-001955,Trees,FRT,Airport,2394,1900-01-01,500,4,1900-01-01,$984 ,"$8,431 "
RIP-000499,Wetland,RIP,Airport,15712,1900-01-01,500,4,1900-01-01,"$140,114 ","$192,579 "
GRS-005606,Grass,GRS,Airport,1063,1900-01-01,500,3,1900-01-01,$437 ,"$3,869 "
FRT-002312,Trees,FRT,Airport,1595,1900-01-01,500,4,1900-01-01,$656 ,"$5,620 "
FRT-002116,Trees,FRT,Airport,100,1900-01-01,500,5,1900-01-01,$41 ,$353 
RIP-000457,Wetland,RIP,Airport,81364,1900-01-01,500,5,1900-01-01,"$725,557 ","$997,242 "
RIP-000445,Wetland,RIP,Airport,32792,1900-01-01,500,5,1900-01-01,"$292,421 ","$401,918 "
RIP-000520,Wetland,RIP,Airport,15012,1900-01-01,500,5,1900-01-01,"$133,867 ","$183,994 "
BLT-000132,Built,BLT,Airport,17005,1900-01-01,500,1,1900-01-01,$0 ,$0 
FRT-001915,Trees,FRT,Airport,2093102,1900-01-01,500,5,1900-01-01,"$860,139 ","$7,372,469 "
SHR-005965,Shrubs,SHR,Airport,95,1900-01-01,500,4,1900-01-01,$31 ,$102 
RIP-000541,Wetland,RIP,Airport,10508,1900-01-01,500,5,1900-01-01,"$93,707 ","$128,795 "
FRT-001978,Trees,FRT,Airport,473,1900-01-01,500,4,1900-01-01,$195 ,"$1,668 "
FRT-002009,Trees,FRT,Airport,465139,1900-01-01,500,5,1900-01-01,"$191,144 ","$1,638,346 "
BLT-000306,Built,BLT,Airport,1594,1900-01-01,500,2,1900-01-01,$0 ,$0 
FRT-002125,Trees,FRT,Airport,100,1900-01-01,500,5,1900-01-01,$41 ,$353 
FRT-002192,Trees,FRT,Airport,100,1900-01-01,500,5,1900-01-01,$41 ,$353 
FRT-001953,Trees,FRT,Airport,1106,1900-01-01,500,5,1900-01-01,$454 ,"$3,894 "
RIP-000466,Wetland,RIP,Airport,18014,1900-01-01,500,4,1900-01-01,"$160,640 ","$220,792 "
BRE-006426,Bare,BRE,Airport,532,1900-01-01,500,1,1900-01-01,$0 ,$0 
BRE-006406,Bare,BRE,Airport,189,1900-01-01,500,1,1900-01-01,$0 ,$0 
FRT-002086,Trees,FRT,Airport,100,1900-01-01,500,5,1900-01-01,$41 ,$353 
FRT-001983,Trees,FRT,Airport,8043,1900-01-01,500,4,1900-01-01,"$3,305 ","$28,331 "
SHR-006074,Shrubs,SHR,Airport,532,1900-01-01,500,3,1900-01-01,$175 ,$570 
BRE-006452,Bare,BRE,Airport,531,1900-01-01,500,1,1900-01-01,$0 ,$0 
GRS-000999,Grass,GRS,Airport,492,1900-01-01,500,4,1900-01-01,$202 ,"$1,790 "
BRE-002228,Bare,BRE,Airport,4253,1900-01-01,500,3,1900-01-01,$0 ,$0 
RIP-000458,Wetland,RIP,Airport,29623,1900-01-01,500,4,1900-01-01,"$264,164 ","$363,080 "
BLT-005661,Built,BLT,Airport,2656,1900-01-01,500,2,1900-01-01,$0 ,$0 
GRS-001897,Grass,GRS,Airport,532,1900-01-01,500,4,1900-01-01,$218 ,"$1,934 "
BLT-000156,Built,BLT,Airport,16563,1900-01-01,500,3,1900-01-01,$0 ,$0 
GRS-001049,Grass,GRS,Airport,531,1900-01-01,500,2,1900-01-01,$218 ,"$1,934 "
FRT-002189,Trees,FRT,Airport,4704,1900-01-01,500,5,1900-01-01,"$1,933 ","$16,568 "
GRS-001054,Grass,GRS,Airport,90,1900-01-01,500,5,1900-01-01,$37 ,$327 
RIP-000554,Wetland,RIP,Airport,12610,1900-01-01,500,5,1900-01-01,"$112,448 ","$154,555 "
GRS-001064,Grass,GRS,Airport,3721,1900-01-01,500,4,1900-01-01,"$1,529 ","$13,543 "
SHR-005957,Shrubs,SHR,Airport,8706,1900-01-01,500,2,1900-01-01,"$2,862 ","$9,339 "
GRS-001097,Grass,GRS,Airport,312591,1900-01-01,500,4,1900-01-01,"$128,456 ","$1,137,638 "
FRT-001898,Trees,FRT,Airport,597767,1900-01-01,500,4,1900-01-01,"$245,646 ","$2,105,497 "
RIP-000621,Wetland,RIP,Airport,402407,1900-01-01,500,4,1900-01-01,"$3,588,423 ","$4,932,110 "
FRT-002004,Trees,FRT,Airport,60,1900-01-01,500,1,1900-01-01,$25 ,$210 
SHR-005997,Shrubs,SHR,Airport,3905,1900-01-01,500,4,1900-01-01,"$1,284 ","$4,189 "
BRE-006424,Bare,BRE,Airport,13820,1900-01-01,500,1,1900-01-01,$0 ,$0 
GRS-001011,Grass,GRS,Airport,1063,1900-01-01,500,5,1900-01-01,$437 ,"$3,867 "
FRT-002428,Trees,FRT,Airport,532,1900-01-01,500,3,1900-01-01,$218 ,"$1,872 "
GRS-001037,Grass,GRS,Airport,1889,1900-01-01,500,4,1900-01-01,$776 ,"$6,873 "
BRE-006747,Bare,BRE,Airport,1063,1900-01-01,500,1,1900-01-01,$0 ,$0 
FRT-002237,Trees,FRT,Airport,3403,1900-01-01,500,5,1900-01-01,"$1,398 ","$11,985 "
GRS-002247,Grass,GRS,Airport,531,1900-01-01,500,4,1900-01-01,$218 ,"$1,934 "
FRT-001980,Trees,FRT,Airport,154,1900-01-01,500,4,1900-01-01,$63 ,$541 
RIP-000553,Wetland,RIP,Airport,7606,1900-01-01,500,4,1900-01-01,"$67,826 ","$93,223 "
FRT-002117,Trees,FRT,Airport,2702,1900-01-01,500,5,1900-01-01,"$1,110 ","$9,518 "
GRS-006522,Grass,GRS,Airport,1063,1900-01-01,500,1,1900-01-01,$437 ,"$3,868 "
BLT-000152,Built,BLT,Airport,419,1900-01-01,500,2,1900-01-01,$0 ,$0 
BRE-006404,Bare,BRE,Airport,19629,1900-01-01,500,1,1900-01-01,$0 ,$0 
FRT-002186,Trees,FRT,Airport,5504,1900-01-01,500,5,1900-01-01,"$2,262 ","$19,388 "
FRT-002311,Trees,FRT,Airport,64889,1900-01-01,500,3,1900-01-01,"$26,665 ","$228,556 "
GRS-002246,Grass,GRS,Airport,2658,1900-01-01,500,4,1900-01-01,"$1,092 ","$9,672 "
FRT-001995,Trees,FRT,Airport,5870,1900-01-01,500,3,1900-01-01,"$2,412 ","$20,674 "
BLT-000196,Built,BLT,Airport,531,1900-01-01,500,3,1900-01-01,$0 ,$0 
BRE-006763,Bare,BRE,Airport,1063,1900-01-01,500,1,1900-01-01,$0 ,$0 
BRE-006760,Bare,BRE,Airport,1594,1900-01-01,500,1,1900-01-01,$0 ,$0 
FRT-002082,Trees,FRT,Airport,531,1900-01-01,500,3,1900-01-01,$218 ,"$1,871 "
GRS-001150,Grass,GRS,Airport,6914,1900-01-01,500,4,1900-01-01,"$2,841 ","$25,164 "
GRS-005584,Grass,GRS,Airport,2658,1900-01-01,500,3,1900-01-01,"$1,092 ","$9,674 "
RIP-000431,Wetland,RIP,Airport,2025,1900-01-01,500,5,1900-01-01,"$18,058 ","$24,820 "
FRT-002016,Trees,FRT,Airport,24263,1900-01-01,500,5,1900-01-01,"$9,971 ","$85,461 "
BRE-006768,Bare,BRE,Airport,531,1900-01-01,500,1,1900-01-01,$0 ,$0 
GRS-006474,Grass,GRS,Airport,4607,1900-01-01,500,2,1900-01-01,"$1,893 ","$16,767 "
SHR-005980,Shrubs,SHR,Airport,7,1900-01-01,500,5,1900-01-01,$2 ,$7 
RIP-000460,Wetland,RIP,Airport,11509,1900-01-01,500,4,1900-01-01,"$102,631 ","$141,062 "
BRE-006436,Bare,BRE,Airport,529,1900-01-01,500,1,1900-01-01,$0 ,$0 
FRT-001901,Trees,FRT,Airport,142951,1900-01-01,500,4,1900-01-01,"$58,744 ","$503,512 "
RIP-000471,Wetland,RIP,Airport,8206,1900-01-01,500,5,1900-01-01,"$73,180 ","$100,583 "
GRS-002272,Grass,GRS,Airport,531,1900-01-01,500,4,1900-01-01,$218 ,"$1,934 "
SHR-006079,Shrubs,SHR,Airport,5312,1900-01-01,500,3,1900-01-01,"$1,746 ","$5,698 "
GRS-001147,Grass,GRS,Airport,6907,1900-01-01,500,3,1900-01-01,"$2,839 ","$25,139 "
BRE-006745,Bare,BRE,Airport,1595,1900-01-01,500,1,1900-01-01,$0 ,$0 
RIP-000576,Wetland,RIP,Airport,54515,1900-01-01,500,5,1900-01-01,"$486,135 ","$668,168 "
FRT-002195,Trees,FRT,Airport,100,1900-01-01,500,5,1900-01-01,$41 ,$353 
GRS-005625,Grass,GRS,Airport,4252,1900-01-01,500,3,1900-01-01,"$1,748 ","$15,476 "
SHR-005979,Shrubs,SHR,Airport,434,1900-01-01,500,4,1900-01-01,$143 ,$465 
BRE-006422,Bare,BRE,Airport,1063,1900-01-01,500,1,1900-01-01,$0 ,$0 
BRE-006744,Bare,BRE,Airport,1595,1900-01-01,500,1,1900-01-01,$0 ,$0 
BLT-000077,Built,BLT,Airport,531,1900-01-01,500,1,1900-01-01,$0 ,$0 
BLT-000079,Built,BLT,Airport,531,1900-01-01,500,2,1900-01-01,$0 ,$0 
SHR-005994,Shrubs,SHR,Airport,12222,1900-01-01,500,2,1900-01-01,"$4,018 ","$13,110 "
GRS-002225,Grass,GRS,Airport,4253,1900-01-01,500,4,1900-01-01,"$1,748 ","$15,479 "
BLT-000164,Built,BLT,Airport,196845,1900-01-01,500,1,1900-01-01,$0 ,$0 
SHR-006058,Shrubs,SHR,Airport,5844,1900-01-01,500,2,1900-01-01,"$1,921 ","$6,269 "
GRS-001057,Grass,GRS,Airport,373,1900-01-01,500,4,1900-01-01,$153 ,"$1,358 "
BRE-006489,Bare,BRE,Airport,2127,1900-01-01,500,1,1900-01-01,$0 ,$0 
RIP-000496,Wetland,RIP,Airport,16813,1900-01-01,500,4,1900-01-01,"$149,931 ","$206,073 "
FRT-002229,Trees,FRT,Airport,472,1900-01-01,500,3,1900-01-01,$194 ,"$1,664 "
SHR-005959,Shrubs,SHR,Airport,1063,1900-01-01,500,4,1900-01-01,$349 ,"$1,140 "
GRS-002221,Grass,GRS,Airport,532,1900-01-01,500,5,1900-01-01,$218 ,"$1,935 "
GRS-001900,Grass,GRS,Airport,1063,1900-01-01,500,4,1900-01-01,$437 ,"$3,869 "
GRS-001050,Grass,GRS,Airport,403880,1900-01-01,500,4,1900-01-01,"$165,970 ","$1,469,873 "
BLT-000165,Built,BLT,Airport,10627,1900-01-01,500,2,1900-01-01,$0 ,$0 
RIP-000497,Wetland,RIP,Airport,36529,1900-01-01,500,4,1900-01-01,"$325,742 ","$447,716 "
FRT-002006,Trees,FRT,Airport,200,1900-01-01,500,5,1900-01-01,$82 ,$706 
RIP-000558,Wetland,RIP,Airport,8307,1900-01-01,500,5,1900-01-01,"$74,073 ","$101,809 "
WTR-006702,Water,WTR,Airport,93336,1900-01-01,500,1,1900-01-01,$0 ,$0 
RIP-000473,Wetland,RIP,Airport,525138,1900-01-01,500,5,1900-01-01,"$4,682,863 ","$6,436,363 "
GRS-001051,Grass,GRS,Airport,108794,1900-01-01,500,4,1900-01-01,"$44,708 ","$395,943 "
GRS-002250,Grass,GRS,Airport,21264,1900-01-01,500,4,1900-01-01,"$8,738 ","$77,388 "
FRT-002101,Trees,FRT,Airport,200,1900-01-01,500,5,1900-01-01,$82 ,$705 
FRT-001894,Trees,FRT,Airport,2657,1900-01-01,500,3,1900-01-01,"$1,092 ","$9,360 "
FRT-002239,Trees,FRT,Airport,100,1900-01-01,500,4,1900-01-01,$41 ,$353 
BLT-000151,Built,BLT,Airport,1307,1900-01-01,500,1,1900-01-01,$0 ,$0 
FRT-002187,Trees,FRT,Airport,1801,1900-01-01,500,5,1900-01-01,$740 ,"$6,345 "
RIP-000472,Wetland,RIP,Airport,43434,1900-01-01,500,5,1900-01-01,"$387,321 ","$532,354 "
GRS-001047,Grass,GRS,Airport,40385,1900-01-01,500,3,1900-01-01,"$16,596 ","$146,975 "
GRS-001024,Grass,GRS,Airport,100,1900-01-01,500,4,1900-01-01,$41 ,$364 
GRS-005659,Grass,GRS,Airport,532,1900-01-01,500,3,1900-01-01,$219 ,"$1,936 "
BLT-001157,Built,BLT,Airport,1064,1900-01-01,500,3,1900-01-01,$0 ,$0 
FRT-001969,Trees,FRT,Airport,2308,1900-01-01,500,4,1900-01-01,$948 ,"$8,129 "
BRE-006746,Bare,BRE,Airport,532,1900-01-01,500,1,1900-01-01,$0 ,$0 
GRS-002266,Grass,GRS,Airport,13830,1900-01-01,500,4,1900-01-01,"$5,683 ","$50,332 "
GRS-001148,Grass,GRS,Airport,2125,1900-01-01,500,3,1900-01-01,$873 ,"$7,734 "
FRT-002120,Trees,FRT,Airport,100,1900-01-01,500,5,1900-01-01,$41 ,$353 
GRS-001036,Grass,GRS,Airport,16621,1900-01-01,500,5,1900-01-01,"$6,830 ","$60,490 "
RIP-000435,Wetland,RIP,Airport,79918,1900-01-01,500,5,1900-01-01,"$712,659 ","$979,514 "
SHR-006017,Shrubs,SHR,Airport,1063,1900-01-01,500,1,1900-01-01,$349 ,"$1,140 "
FRT-001991,Trees,FRT,Airport,311684,1900-01-01,500,5,1900-01-01,"$128,083 ","$1,097,835 "
BLT-000078,Built,BLT,Airport,1590,1900-01-01,500,2,1900-01-01,$0 ,$0 
FRT-002235,Trees,FRT,Airport,5,1900-01-01,500,5,1900-01-01,$2 ,$17 
SHR-006108,Shrubs,SHR,Airport,16,1900-01-01,500,4,1900-01-01,$5 ,$17 
GRS-006496,Grass,GRS,Airport,59505,1900-01-01,500,1,1900-01-01,"$24,453 ","$216,563 "
BRE-006421,Bare,BRE,Airport,50,1900-01-01,500,5,1900-01-01,$0 ,$0 
GRS-002310,Grass,GRS,Airport,1063,1900-01-01,500,5,1900-01-01,$437 ,"$3,868 "
FRT-002322,Trees,FRT,Airport,3718,1900-01-01,500,3,1900-01-01,"$1,528 ","$13,097 "
FRT-002138,Trees,FRT,Airport,100,1900-01-01,500,3,1900-01-01,$41 ,$353 
SHR-005985,Shrubs,SHR,Airport,1594,1900-01-01,500,4,1900-01-01,$524 ,"$1,709 "
FRT-002119,Trees,FRT,Airport,100,1900-01-01,500,5,1900-01-01,$41 ,$353 
BRE-006434,Bare,BRE,Airport,5,1900-01-01,500,5,1900-01-01,$0 ,$0 
BRE-006407,Bare,BRE,Airport,2658,1900-01-01,500,1,1900-01-01,$0 ,$0 
FRT-001984,Trees,FRT,Airport,1111,1900-01-01,500,4,1900-01-01,$456 ,"$3,912 "
BLT-005664,Built,BLT,Airport,1063,1900-01-01,500,4,1900-01-01,$0 ,$0 
BRE-006415,Bare,BRE,Airport,6358,1900-01-01,500,1,1900-01-01,$0 ,$0 
SHR-006070,Shrubs,SHR,Airport,532,1900-01-01,500,4,1900-01-01,$175 ,$570 
RIP-000505,Wetland,RIP,Airport,25120,1900-01-01,500,4,1900-01-01,"$224,004 ","$307,882 "
GRS-001140,Grass,GRS,Airport,510,1900-01-01,500,2,1900-01-01,$210 ,"$1,856 "
GRS-001128,Grass,GRS,Airport,348,1900-01-01,500,3,1900-01-01,$143 ,"$1,267 "
RIP-000552,Wetland,RIP,Airport,11449,1900-01-01,500,5,1900-01-01,"$102,092 ","$140,321 "
FRT-002253,Trees,FRT,Airport,19659,1900-01-01,500,4,1900-01-01,"$8,079 ","$69,245 "
FRT-005643,Trees,FRT,Airport,532,1900-01-01,500,4,1900-01-01,$218 ,"$1,872 "
FRT-002130,Trees,FRT,Airport,100,1900-01-01,500,4,1900-01-01,$41 ,$353 
BRE-006499,Bare,BRE,Airport,5220,1900-01-01,500,1,1900-01-01,$0 ,$0 
FRT-001998,Trees,FRT,Airport,1267,1900-01-01,500,5,1900-01-01,$521 ,"$4,463 "
BLT-000126,Built,BLT,Airport,9568,1900-01-01,500,3,1900-01-01,$0 ,$0 
SHR-006050,Shrubs,SHR,Airport,14916,1900-01-01,500,2,1900-01-01,"$4,904 ","$16,000 "
GRS-005585,Grass,GRS,Airport,532,1900-01-01,500,3,1900-01-01,$218 ,"$1,935 "
FRT-002106,Trees,FRT,Airport,200,1900-01-01,500,5,1900-01-01,$82 ,$705 
GRS-001146,Grass,GRS,Airport,5318,1900-01-01,500,4,1900-01-01,"$2,185 ","$19,354 "
FRT-001970,Trees,FRT,Airport,1007,1900-01-01,500,4,1900-01-01,$414 ,"$3,547 "
FRT-002002,Trees,FRT,Airport,129,1900-01-01,500,2,1900-01-01,$53 ,$453 
SHR-005946,Shrubs,SHR,Airport,532,1900-01-01,500,5,1900-01-01,$175 ,$570 
DSW-000021,Green Infrastructure,DSW,Airport,72,1900-01-01,500,3,1900-01-01,"$5,550 ","$3,201 "
BLT-000170,Built,BLT,Airport,11797,1900-01-01,500,2,1900-01-01,$0 ,$0 
BRE-006460,Bare,BRE,Airport,1063,1900-01-01,500,1,1900-01-01,$0 ,$0 
SHR-005987,Shrubs,SHR,Airport,531,1900-01-01,500,4,1900-01-01,$175 ,$570 
FRT-002252,Trees,FRT,Airport,171,1900-01-01,500,5,1900-01-01,$70 ,$602 
GRS-002296,Grass,GRS,Airport,1063,1900-01-01,500,4,1900-01-01,$437 ,"$3,869 "
FRT-002139,Trees,FRT,Airport,13010,1900-01-01,500,5,1900-01-01,"$5,346 ","$45,826 "
FRT-002129,Trees,FRT,Airport,100,1900-01-01,500,3,1900-01-01,$41 ,$353 
FRT-002185,Trees,FRT,Airport,100,1900-01-01,500,5,1900-01-01,$41 ,$353 
SHR-006068,Shrubs,SHR,Airport,2659,1900-01-01,500,4,1900-01-01,$874 ,"$2,852 "
BLT-000314,Built,BLT,Airport,17885,1900-01-01,500,1,1900-01-01,$0 ,$0 
BRE-006759,Bare,BRE,Airport,1594,1900-01-01,500,1,1900-01-01,$0 ,$0 
SHR-006083,Shrubs,SHR,Airport,531,1900-01-01,500,3,1900-01-01,$175 ,$570 
GRS-001214,Grass,GRS,Airport,1063,1900-01-01,500,4,1900-01-01,$437 ,"$3,867 "
WTR-006773,Water,WTR,Airport,5012,1900-01-01,500,1,1900-01-01,$0 ,$0 
FRT-002044,Trees,FRT,Airport,21020,1900-01-01,500,4,1900-01-01,"$8,638 ","$74,039 "
RIP-000487,Wetland,RIP,Airport,133914,1900-01-01,500,4,1900-01-01,"$1,194,168 ","$1,641,325 "
SHR-005976,Shrubs,SHR,Airport,531,1900-01-01,500,5,1900-01-01,$175 ,$570 
FRT-001972,Trees,FRT,Airport,219,1900-01-01,500,4,1900-01-01,$90 ,$771 
BRE-006430,Bare,BRE,Airport,127,1900-01-01,500,1,1900-01-01,$0 ,$0 
GRS-001072,Grass,GRS,Airport,1595,1900-01-01,500,4,1900-01-01,$655 ,"$5,804 "
RIP-000543,Wetland,RIP,Airport,8207,1900-01-01,500,5,1900-01-01,"$73,181 ","$100,583 "
FRT-001994,Trees,FRT,Airport,35356,1900-01-01,500,4,1900-01-01,"$14,529 ","$124,533 "
GRS-001099,Grass,GRS,Airport,727,1900-01-01,500,3,1900-01-01,$299 ,"$2,645 "
GRS-001101,Grass,GRS,Airport,901,1900-01-01,500,4,1900-01-01,$370 ,"$3,278 "
BLT-000226,Built,BLT,Airport,7969,1900-01-01,500,2,1900-01-01,$0 ,$0 
FRT-002256,Trees,FRT,Airport,32,1900-01-01,500,5,1900-01-01,$13 ,$113 
GRS-001000,Grass,GRS,Airport,288,1900-01-01,500,3,1900-01-01,$118 ,"$1,046 "
BRE-006477,Bare,BRE,Airport,28154,1900-01-01,500,1,1900-01-01,$0 ,$0 
BLT-000064,Built,BLT,Airport,67465,1900-01-01,500,2,1900-01-01,$0 ,$0 
BRE-006543,Bare,BRE,Airport,2310,1900-01-01,500,1,1900-01-01,$0 ,$0 
FRT-002188,Trees,FRT,Airport,300,1900-01-01,500,5,1900-01-01,$123 ,"$1,058 "
BLT-000112,Built,BLT,Airport,269,1900-01-01,500,1,1900-01-01,$0 ,$0 
FRT-001976,Trees,FRT,Airport,19,1900-01-01,500,5,1900-01-01,$8 ,$68 
GRS-001098,Grass,GRS,Airport,4,1900-01-01,500,5,1900-01-01,$1 ,$13 
FRT-002441,Trees,FRT,Airport,476,1900-01-01,500,5,1900-01-01,$196 ,"$1,677 "
FRT-002111,Trees,FRT,Airport,1301,1900-01-01,500,5,1900-01-01,$535 ,"$4,583 "
FRT-001968,Trees,FRT,Airport,434,1900-01-01,500,4,1900-01-01,$178 ,"$1,529 "
GRS-002324,Grass,GRS,Airport,1064,1900-01-01,500,3,1900-01-01,$437 ,"$3,871 "
WTD-001020,Wetland,WTD,Airport,393,1900-01-01,500,5,1900-01-01,"$5,458 ","$1,086 "
FRT-001964,Trees,FRT,Airport,152,1900-01-01,500,4,1900-01-01,$63 ,$536 
GRS-001100,Grass,GRS,Airport,303786,1900-01-01,500,4,1900-01-01,"$124,838 ","$1,105,594 "
GRS-001143,Grass,GRS,Airport,5843,1900-01-01,500,4,1900-01-01,"$2,401 ","$21,265 "
RIP-000534,Wetland,RIP,Airport,23218,1900-01-01,500,4,1900-01-01,"$207,047 ","$284,576 "
SHR-006086,Shrubs,SHR,Airport,531,1900-01-01,500,2,1900-01-01,$175 ,$570 
FRT-002184,Trees,FRT,Airport,100,1900-01-01,500,5,1900-01-01,$41 ,$353 
FRT-001977,Trees,FRT,Airport,42,1900-01-01,500,4,1900-01-01,$17 ,$148 
FRT-001914,Trees,FRT,Airport,5783782,1900-01-01,500,5,1900-01-01,"$2,376,787 ","$20,372,035 "
FRT-001997,Trees,FRT,Airport,6933,1900-01-01,500,4,1900-01-01,"$2,849 ","$24,421 "
GRS-001046,Grass,GRS,Airport,23811,1900-01-01,500,4,1900-01-01,"$9,785 ","$86,657 "
RIP-000479,Wetland,RIP,Airport,7806,1900-01-01,500,5,1900-01-01,"$69,611 ","$95,676 "
GRS-001012,Grass,GRS,Airport,738753,1900-01-01,500,4,1900-01-01,"$303,583 ","$2,688,605 "
BLT-000119,Built,BLT,Airport,300,1900-01-01,500,3,1900-01-01,$0 ,$0 
SHR-006006,Shrubs,SHR,Airport,1063,1900-01-01,500,3,1900-01-01,$349 ,"$1,140 "
FRT-002100,Trees,FRT,Airport,701,1900-01-01,500,5,1900-01-01,$288 ,"$2,468 "
POS-000363,Grass,POS,Airport,65839,1900-01-01,500,5,1900-01-01,"$1,140,856 ","$389,416 "
BLT-000157,Built,BLT,Airport,32,1900-01-01,500,2,1900-01-01,$0 ,$0 
FRT-002236,Trees,FRT,Airport,106,1900-01-01,500,3,1900-01-01,$43 ,$372 
RIP-000555,Wetland,RIP,Airport,100580,1900-01-01,500,5,1900-01-01,"$896,909 ","$1,232,757 "
GRS-001145,Grass,GRS,Airport,532,1900-01-01,500,4,1900-01-01,$219 ,"$1,935 "
BRE-006463,Bare,BRE,Airport,1595,1900-01-01,500,1,1900-01-01,$0 ,$0 
BLT-000045,Built,BLT,Airport,3721,1900-01-01,500,3,1900-01-01,$0 ,$0 
SHR-006055,Shrubs,SHR,Airport,531,1900-01-01,500,1,1900-01-01,$175 ,$570 
FRT-001957,Trees,FRT,Airport,5105,1900-01-01,500,4,1900-01-01,"$2,098 ","$17,981 "
BLT-000063,Built,BLT,Airport,1032,1900-01-01,500,3,1900-01-01,$0 ,$0 
BLT-000115,Built,BLT,Airport,179,1900-01-01,500,4,1900-01-01,$0 ,$0 
BRE-006502,Bare,BRE,Airport,18,1900-01-01,500,1,1900-01-01,$0 ,$0 
GRS-001053,Grass,GRS,Airport,1014425,1900-01-01,500,3,1900-01-01,"$416,868 ","$3,691,884 "
GRS-005616,Grass,GRS,Airport,1063,1900-01-01,500,3,1900-01-01,$437 ,"$3,869 "
BLT-000193,Built,BLT,Airport,25501,1900-01-01,500,2,1900-01-01,$0 ,$0 
GRS-001095,Grass,GRS,Airport,1,1900-01-01,500,5,1900-01-01,$0 ,$2 
BLT-000114,Built,BLT,Airport,245526,1900-01-01,500,2,1900-01-01,$0 ,$0 
FRT-002112,Trees,FRT,Airport,1701,1900-01-01,500,5,1900-01-01,$699 ,"$5,993 "
GRS-001093,Grass,GRS,Airport,531,1900-01-01,500,4,1900-01-01,$218 ,"$1,934 "
FRT-001989,Trees,FRT,Airport,231,1900-01-01,500,4,1900-01-01,$95 ,$814 
RIP-000550,Wetland,RIP,Airport,4330,1900-01-01,500,5,1900-01-01,"$38,616 ","$53,076 "
SHR-006081,Shrubs,SHR,Airport,2125,1900-01-01,500,3,1900-01-01,$699 ,"$2,279 "
FRT-001896,Trees,FRT,Airport,2659,1900-01-01,500,4,1900-01-01,"$1,093 ","$9,365 "
SHR-005973,Shrubs,SHR,Airport,10096,1900-01-01,500,4,1900-01-01,"$3,319 ","$10,829 "
DSW-000026,Green Infrastructure,DSW,Airport,40,1900-01-01,500,3,1900-01-01,"$3,067 ","$1,769 "
GRS-001142,Grass,GRS,Airport,80529,1900-01-01,500,4,1900-01-01,"$33,092 ","$293,075 "
FRT-001965,Trees,FRT,Airport,5102,1900-01-01,500,4,1900-01-01,"$2,097 ","$17,971 "
FRT-002102,Trees,FRT,Airport,100,1900-01-01,500,5,1900-01-01,$41 ,$353 
FRT-002107,Trees,FRT,Airport,100,1900-01-01,500,2,1900-01-01,$41 ,$353 
SHR-005947,Shrubs,SHR,Airport,532,1900-01-01,500,5,1900-01-01,$175 ,$570 
GRS-006525,Grass,GRS,Airport,531,1900-01-01,500,2,1900-01-01,$218 ,"$1,934 "
GRS-001048,Grass,GRS,Airport,532,1900-01-01,500,4,1900-01-01,$218 ,"$1,935 "
BRE-006766,Bare,BRE,Airport,1063,1900-01-01,500,1,1900-01-01,$0 ,$0 
GRS-001061,Grass,GRS,Airport,82,1900-01-01,500,5,1900-01-01,$34 ,$298 
FRT-001987,Trees,FRT,Airport,719854,1900-01-01,500,5,1900-01-01,"$295,817 ","$2,535,519 "
BRE-006461,Bare,BRE,Airport,1063,1900-01-01,500,2,1900-01-01,$0 ,$0 
RIP-000535,Wetland,RIP,Airport,8106,1900-01-01,500,4,1900-01-01,"$72,288 ","$99,356 "
BRE-006539,Bare,BRE,Airport,1595,1900-01-01,500,2,1900-01-01,$0 ,$0 
GRS-006526,Grass,GRS,Airport,531,1900-01-01,500,1,1900-01-01,$218 ,"$1,934 "
RIP-000480,Wetland,RIP,Airport,17314,1900-01-01,500,5,1900-01-01,"$154,393 ","$212,206 "
BRE-006438,Bare,BRE,Airport,1595,1900-01-01,500,1,1900-01-01,$0 ,$0 
BLT-000307,Built,BLT,Airport,5785,1900-01-01,500,2,1900-01-01,$0 ,$0 
GRS-002243,Grass,GRS,Airport,31894,1900-01-01,500,4,1900-01-01,"$13,107 ","$116,075 "
BLT-005660,Built,BLT,Airport,531,1900-01-01,500,2,1900-01-01,$0 ,$0 
SHR-005999,Shrubs,SHR,Airport,126,1900-01-01,500,3,1900-01-01,$41 ,$135 
GRS-002267,Grass,GRS,Airport,924,1900-01-01,500,4,1900-01-01,$380 ,"$3,361 "
SHR-006001,Shrubs,SHR,Airport,1063,1900-01-01,500,1,1900-01-01,$349 ,"$1,140 "
BRE-006425,Bare,BRE,Airport,531,1900-01-01,500,1,1900-01-01,$0 ,$0 
SHR-006054,Shrubs,SHR,Airport,531,1900-01-01,500,4,1900-01-01,$175 ,$570 
BLT-000046,Built,BLT,Airport,16780,1900-01-01,500,3,1900-01-01,$0 ,$0 
FRT-002088,Trees,FRT,Airport,7,1900-01-01,500,5,1900-01-01,$3 ,$25 
FRT-001963,Trees,FRT,Airport,5,1900-01-01,500,5,1900-01-01,$2 ,$18 
SHR-005998,Shrubs,SHR,Airport,1301,1900-01-01,500,2,1900-01-01,$428 ,"$1,396 "
BRE-006504,Bare,BRE,Airport,2125,1900-01-01,500,1,1900-01-01,$0 ,$0 
SHR-006072,Shrubs,SHR,Airport,2660,1900-01-01,500,3,1900-01-01,$874 ,"$2,853 "
GRS-001028,Grass,GRS,Airport,532,1900-01-01,500,3,1900-01-01,$218 ,"$1,935 "
BRE-006408,Bare,BRE,Airport,44649,1900-01-01,500,1,1900-01-01,$0 ,$0 
BLT-000113,Built,BLT,Airport,1347,1900-01-01,500,2,1900-01-01,$0 ,$0 
BRE-006423,Bare,BRE,Airport,1063,1900-01-01,500,1,1900-01-01,$0 ,$0 
FRT-002287,Trees,FRT,Airport,1594,1900-01-01,500,3,1900-01-01,$655 ,"$5,615 "
SHR-006040,Shrubs,SHR,Airport,1143,1900-01-01,500,4,1900-01-01,$376 ,"$1,226 "
FRT-002001,Trees,FRT,Airport,1948,1900-01-01,500,4,1900-01-01,$801 ,"$6,861 "
GRS-005653,Grass,GRS,Airport,14361,1900-01-01,500,3,1900-01-01,"$5,901 ","$52,264 "
GRS-001094,Grass,GRS,Airport,245552,1900-01-01,500,4,1900-01-01,"$100,907 ","$893,657 "
FRT-002087,Trees,FRT,Airport,100,1900-01-01,500,5,1900-01-01,$41 ,$353 
FRT-002089,Trees,FRT,Airport,10108,1900-01-01,500,5,1900-01-01,"$4,154 ","$35,603 "
FRT-001974,Trees,FRT,Airport,3200,1900-01-01,500,4,1900-01-01,"$1,315 ","$11,270 "
FRT-002264,Trees,FRT,Airport,531,1900-01-01,500,4,1900-01-01,$218 ,"$1,871 "
BLT-000118,Built,BLT,Airport,71292,1900-01-01,500,2,1900-01-01,$0 ,$0 
WTD-002008,Wetland,WTD,Airport,2695,1900-01-01,500,5,1900-01-01,"$37,463 ","$7,453 "
GRS-001302,Grass,GRS,Airport,7441,1900-01-01,500,4,1900-01-01,"$3,058 ","$27,081 "
GRS-001059,Grass,GRS,Airport,3571,1900-01-01,500,5,1900-01-01,"$1,467 ","$12,995 "
RIP-000571,Wetland,RIP,Airport,13010,1900-01-01,500,5,1900-01-01,"$116,018 ","$159,461 "
SHR-006015,Shrubs,SHR,Airport,6377,1900-01-01,500,2,1900-01-01,"$2,096 ","$6,840 "
FRT-002056,Trees,FRT,Airport,100,1900-01-01,500,5,1900-01-01,$41 ,$353 
GRS-001009,Grass,GRS,Airport,37211,1900-01-01,500,3,1900-01-01,"$15,292 ","$135,426 "
GRS-001126,Grass,GRS,Airport,9194,1900-01-01,500,4,1900-01-01,"$3,778 ","$33,459 "
BRE-006750,Bare,BRE,Airport,531,1900-01-01,500,1,1900-01-01,$0 ,$0 
BLT-000128,Built,BLT,Airport,1594,1900-01-01,500,2,1900-01-01,$0 ,$0 
FRT-002013,Trees,FRT,Airport,659,1900-01-01,500,3,1900-01-01,$271 ,"$2,320 "
GRS-006508,Grass,GRS,Airport,11157,1900-01-01,500,1,1900-01-01,"$4,585 ","$40,605 "
GRS-001161,Grass,GRS,Airport,35595,1900-01-01,500,4,1900-01-01,"$14,627 ","$129,543 "
BLT-000082,Built,BLT,Airport,531,1900-01-01,500,2,1900-01-01,$0 ,$0 
SHR-006011,Shrubs,SHR,Airport,531,1900-01-01,500,1,1900-01-01,$175 ,$570 
FRT-002137,Trees,FRT,Airport,100,1900-01-01,500,5,1900-01-01,$41 ,$353 
GRS-001165,Grass,GRS,Airport,17724,1900-01-01,500,4,1900-01-01,"$7,283 ","$64,504 "
FRT-001967,Trees,FRT,Airport,2006,1900-01-01,500,2,1900-01-01,$824 ,"$7,067 "
WTD-006752,Wetland,WTD,Airport,12751,1900-01-01,500,4,1900-01-01,"$177,280 ","$35,270 "
BRE-006497,Bare,BRE,Airport,3719,1900-01-01,500,2,1900-01-01,$0 ,$0 
GRS-002270,Grass,GRS,Airport,1532,1900-01-01,500,4,1900-01-01,$630 ,"$5,576 "
BRE-006416,Bare,BRE,Airport,28166,1900-01-01,500,1,1900-01-01,$0 ,$0 
SHR-006018,Shrubs,SHR,Airport,23380,1900-01-01,500,2,1900-01-01,"$7,686 ","$25,079 "
FRT-002313,Trees,FRT,Airport,2659,1900-01-01,500,4,1900-01-01,"$1,093 ","$9,365 "
GRS-001058,Grass,GRS,Airport,165911,1900-01-01,500,4,1900-01-01,"$68,179 ","$603,813 "
GRS-001030,Grass,GRS,Airport,1595,1900-01-01,500,4,1900-01-01,$655 ,"$5,804 "
GRS-001096,Grass,GRS,Airport,1754,1900-01-01,500,4,1900-01-01,$721 ,"$6,385 "
FRT-002261,Trees,FRT,Airport,400,1900-01-01,500,4,1900-01-01,$164 ,"$1,408 "
FRT-002196,Trees,FRT,Airport,100,1900-01-01,500,5,1900-01-01,$41 ,$353 
FRT-001992,Trees,FRT,Airport,27,1900-01-01,500,4,1900-01-01,$11 ,$95 
FRT-001959,Trees,FRT,Airport,2322,1900-01-01,500,4,1900-01-01,$954 ,"$8,177 "
GRS-005583,Grass,GRS,Airport,532,1900-01-01,500,3,1900-01-01,$218 ,"$1,935 "
RIP-000549,Wetland,RIP,Airport,831,1900-01-01,500,3,1900-01-01,"$7,414 ","$10,191 "
BRE-006405,Bare,BRE,Airport,24,1900-01-01,500,1,1900-01-01,$0 ,$0 
GRS-001071,Grass,GRS,Airport,531,1900-01-01,500,2,1900-01-01,$218 ,"$1,934 "
FRT-001982,Trees,FRT,Airport,1739,1900-01-01,500,4,1900-01-01,$715 ,"$6,125 "
RIP-000516,Wetland,RIP,Airport,40032,1900-01-01,500,4,1900-01-01,"$356,979 ","$490,650 "
FRT-001954,Trees,FRT,Airport,4640,1900-01-01,500,4,1900-01-01,"$1,907 ","$16,344 "
GRS-001002,Grass,GRS,Airport,304,1900-01-01,500,5,1900-01-01,$125 ,"$1,107 "
FRT-002285,Trees,FRT,Airport,14674,1900-01-01,500,3,1900-01-01,"$6,030 ","$51,686 "
RIP-000511,Wetland,RIP,Airport,55444,1900-01-01,500,5,1900-01-01,"$494,416 ","$679,550 "
BRE-006749,Bare,BRE,Airport,1063,1900-01-01,500,1,1900-01-01,$0 ,$0 
SHR-005966,Shrubs,SHR,Airport,13,1900-01-01,500,5,1900-01-01,$4 ,$14 
RIP-000557,Wetland,RIP,Airport,12266,1900-01-01,500,4,1900-01-01,"$109,385 ","$150,344 "
WTR-006774,Water,WTR,Airport,155,1900-01-01,500,5,1900-01-01,$0 ,$0 
FRT-002238,Trees,FRT,Airport,300,1900-01-01,500,5,1900-01-01,$123 ,"$1,058 "
GRS-001127,Grass,GRS,Airport,301,1900-01-01,500,4,1900-01-01,$124 ,"$1,097 "
SHR-006073,Shrubs,SHR,Airport,531,1900-01-01,500,4,1900-01-01,$175 ,$570 
FRT-001985,Trees,FRT,Airport,179,1900-01-01,500,4,1900-01-01,$74 ,$630 
FRT-001962,Trees,FRT,Airport,2244,1900-01-01,500,4,1900-01-01,$922 ,"$7,902 "
GRS-001060,Grass,GRS,Airport,393,1900-01-01,500,4,1900-01-01,$161 ,"$1,429 "
FRT-001960,Trees,FRT,Airport,22139,1900-01-01,500,4,1900-01-01,"$9,098 ","$77,979 "
FRT-001971,Trees,FRT,Airport,3,1900-01-01,500,5,1900-01-01,$1 ,$10 
GRS-006503,Grass,GRS,Airport,1594,1900-01-01,500,1,1900-01-01,$655 ,"$5,800 "
SHR-006076,Shrubs,SHR,Airport,4786,1900-01-01,500,3,1900-01-01,"$1,573 ","$5,134 "
FRT-002230,Trees,FRT,Airport,22037,1900-01-01,500,4,1900-01-01,"$9,056 ","$77,621 "
BRE-006433,Bare,BRE,Airport,1492,1900-01-01,500,1,1900-01-01,$0 ,$0 
BRE-006435,Bare,BRE,Airport,14351,1900-01-01,500,1,1900-01-01,$0 ,$0 
FRT-001958,Trees,FRT,Airport,758,1900-01-01,500,4,1900-01-01,$311 ,"$2,670 "
FRT-002234,Trees,FRT,Airport,291,1900-01-01,500,5,1900-01-01,$120 ,"$1,026 "
FRT-002191,Trees,FRT,Airport,500,1900-01-01,500,5,1900-01-01,$206 ,"$1,763 "
GRS-001023,Grass,GRS,Airport,1401,1900-01-01,500,4,1900-01-01,$576 ,"$5,099 "
FRT-001990,Trees,FRT,Airport,0,1900-01-01,500,5,1900-01-01,$0 ,$1 
BRE-006431,Bare,BRE,Airport,1871,1900-01-01,500,1,1900-01-01,$0 ,$0 
SHR-006009,Shrubs,SHR,Airport,531,1900-01-01,500,1,1900-01-01,$175 ,$570 
RIP-000605,Wetland,RIP,Airport,103506,1900-01-01,500,5,1900-01-01,"$923,001 ","$1,268,619 "
BLT-005654,Built,BLT,Airport,3718,1900-01-01,500,3,1900-01-01,$0 ,$0 
SHR-006041,Shrubs,SHR,Airport,1661,1900-01-01,500,3,1900-01-01,$546 ,"$1,782 "
RIP-000556,Wetland,RIP,Airport,12910,1900-01-01,500,5,1900-01-01,"$115,126 ","$158,234 "
DSW-000001,Green Infrastructure,DSW,Airport,5176,1900-01-01,500,4,1900-01-01,"$396,903 ","$228,951 "
SHR-006056,Shrubs,SHR,Airport,3189,1900-01-01,500,4,1900-01-01,"$1,048 ","$3,420 "
RIP-000582,Wetland,RIP,Airport,20716,1900-01-01,500,5,1900-01-01,"$184,736 ","$253,911 "
FRT-002005,Trees,FRT,Airport,4383,1900-01-01,500,4,1900-01-01,"$1,801 ","$15,439 "
GRS-001103,Grass,GRS,Airport,531,1900-01-01,500,4,1900-01-01,$218 ,"$1,934 "
RIP-000539,Wetland,RIP,Airport,348858,1900-01-01,500,5,1900-01-01,"$3,110,908 ","$4,275,788 "
FRT-002003,Trees,FRT,Airport,1344,1900-01-01,500,4,1900-01-01,$552 ,"$4,734 "
FRT-002109,Trees,FRT,Airport,200,1900-01-01,500,5,1900-01-01,$82 ,$705 
FRT-001996,Trees,FRT,Airport,167,1900-01-01,500,4,1900-01-01,$69 ,$588 
SHR-006078,Shrubs,SHR,Airport,1064,1900-01-01,500,2,1900-01-01,$350 ,"$1,141 "
BLT-000111,Built,BLT,Airport,6096,1900-01-01,500,1,1900-01-01,$0 ,$0 
RIP-000564,Wetland,RIP,Airport,601385,1900-01-01,500,5,1900-01-01,"$5,362,786 ","$7,370,884 "
RIP-000443,Wetland,RIP,Airport,30424,1900-01-01,500,5,1900-01-01,"$271,303 ","$372,892 "
FRT-002103,Trees,FRT,Airport,200,1900-01-01,500,4,1900-01-01,$82 ,$705 
FRT-001988,Trees,FRT,Airport,4,1900-01-01,500,5,1900-01-01,$1 ,$12 
BRE-006748,Bare,BRE,Airport,531,1900-01-01,500,1,1900-01-01,$0 ,$0 
BLT-000182,Built,BLT,Airport,139986,1900-01-01,500,2,1900-01-01,$0 ,$0 
FRT-001986,Trees,FRT,Airport,19,1900-01-01,500,5,1900-01-01,$8 ,$68 
BRE-006444,Bare,BRE,Airport,531,1900-01-01,500,1,1900-01-01,$0 ,$0 
BLT-000081,Built,BLT,Airport,3720,1900-01-01,500,1,1900-01-01,$0 ,$0 
FRT-002309,Trees,FRT,Airport,497,1900-01-01,500,3,1900-01-01,$204 ,"$1,750 "
FRT-002284,Trees,FRT,Airport,2125,1900-01-01,500,3,1900-01-01,$873 ,"$7,487 "
BLT-000162,Built,BLT,Airport,3188,1900-01-01,500,3,1900-01-01,$0 ,$0 
GRS-001162,Grass,GRS,Airport,1063,1900-01-01,500,4,1900-01-01,$437 ,"$3,867 "
FRT-001973,Trees,FRT,Airport,140982,1900-01-01,500,4,1900-01-01,"$57,935 ","$496,576 "
RIP-000538,Wetland,RIP,Airport,8907,1900-01-01,500,3,1900-01-01,"$79,428 ","$109,169 "
FRT-002124,Trees,FRT,Airport,100,1900-01-01,500,5,1900-01-01,$41 ,$353 
BLT-000155,Built,BLT,Airport,3177,1900-01-01,500,2,1900-01-01,$0 ,$0 
GRS-001062,Grass,GRS,Airport,77,1900-01-01,500,5,1900-01-01,$32 ,$281 
BLT-000188,Built,BLT,Airport,162,1900-01-01,500,2,1900-01-01,$0 ,$0 
FRT-001979,Trees,FRT,Airport,73,1900-01-01,500,4,1900-01-01,$30 ,$256 
FRT-002308,Trees,FRT,Airport,2556,1900-01-01,500,4,1900-01-01,"$1,051 ","$9,004 "
SHR-005958,Shrubs,SHR,Airport,531,1900-01-01,500,3,1900-01-01,$175 ,$570 
BLT-000061,Built,BLT,Airport,1022,1900-01-01,500,1,1900-01-01,$0 ,$0 
UBT-000089,Trees,UBT,Downtown,1,1900-01-01,500,2,1900-01-01,"$1,596 ","$1,418 "
UBT-000581,Trees,UBT,Downtown,1,1900-01-01,500,1,1900-01-01,"$1,596 ","$1,418 "
UBT-000093,Trees,UBT,Downtown,1,1900-01-01,500,1,1900-01-01,"$1,596 ","$1,418 "
UBT-000285,Trees,UBT,Downtown,1,1900-01-01,500,1,1900-01-01,"$1,596 ","$1,418 "
TRF-000298,Grass,TRF,Downtown,387,1900-01-01,500,4,1900-01-01,"$48,770 ","$1,732 "
UBT-000559,Trees,UBT,Downtown,1,1900-01-01,500,1,1900-01-01,"$1,596 ","$1,418 "
UBT-002236,Trees,UBT,Downtown,1,1900-01-01,500,1,1900-01-01,"$1,596 ","$1,418 "
UBT-000316,Trees,UBT,Downtown,1,1900-01-01,500,3,1900-01-01,"$1,596 ","$1,418 "
UBT-000146,Trees,UBT,Downtown,1,1900-01-01,500,1,1900-01-01,"$1,596 ","$1,418 "
UBT-000278,Trees,UBT,Downtown,1,1900-01-01,500,1,1900-01-01,"$1,596 ","$1,418 "
UBT-000472,Trees,UBT,Downtown,1,1900-01-01,500,1,1900-01-01,"$1,596 ","$1,418 "
UBT-000164,Trees,UBT,Downtown,1,1900-01-01,500,1,1900-01-01,"$1,596 ","$1,418 "
UBT-000583,Trees,UBT,Downtown,1,1900-01-01,500,1,1900-01-01,"$1,596 ","$1,418 "
UBT-000143,Trees,UBT,Downtown,1,1900-01-01,500,2,1900-01-01,"$1,596 ","$1,418 "
UBT-000303,Trees,UBT,Downtown,1,1900-01-01,500,1,1900-01-01,"$1,596 ","$1,418 "
UBT-000162,Trees,UBT,Downtown,1,1900-01-01,500,2,1900-01-01,"$1,596 ","$1,418 "
UBT-000506,Trees,UBT,Downtown,1,1900-01-01,500,1,1900-01-01,"$1,596 ","$1,418 "
UBT-000091,Trees,UBT,Downtown,1,1900-01-01,500,1,1900-01-01,"$1,596 ","$1,418 "
UBT-000529,Trees,UBT,Downtown,1,1900-01-01,500,1,1900-01-01,"$1,596 ","$1,418 "
UBT-000435,Trees,UBT,Downtown,1,1900-01-01,500,1,1900-01-01,"$1,596 ","$1,418 "
UBT-003676,Trees,UBT,Downtown,1,1900-01-01,500,4,1900-01-01,"$1,596 ","$1,418 "
UBT-000138,Trees,UBT,Downtown,1,1900-01-01,500,1,1900-01-01,"$1,596 ","$1,418 "
UBT-000526,Trees,UBT,Downtown,1,1900-01-01,500,1,1900-01-01,"$1,596 ","$1,418 "
UBT-000456,Trees,UBT,Downtown,1,1900-01-01,500,2,1900-01-01,"$1,596 ","$1,418 "
UBT-000042,Trees,UBT,Downtown,1,1900-01-01,500,2,1900-01-01,"$1,596 ","$1,418 "
UBT-002228,Trees,UBT,Downtown,1,1900-01-01,500,1,1900-01-01,"$1,596 ","$1,418 "
UBT-000537,Trees,UBT,Downtown,1,1900-01-01,500,1,1900-01-01,"$1,596 ","$1,418 "
UBT-003678,Trees,UBT,Downtown,1,1900-01-01,500,2,1900-01-01,"$1,596 ","$1,418 "
UBT-000289,Trees,UBT,Downtown,1,1900-01-01,500,1,1900-01-01,"$1,596 ","$1,418 "
UBT-000240,Trees,UBT,Downtown,1,1900-01-01,500,1,1900-01-01,"$1,596 ","$1,418 "
UBT-000517,Trees,UBT,Downtown,1,1900-01-01,500,3,1900-01-01,"$1,596 ","$1,418 "
UBT-000136,Trees,UBT,Downtown,1,1900-01-01,500,1,1900-01-01,"$1,596 ","$1,418 "
TRF-000002,Grass,TRF,Downtown,2960,1900-01-01,500,3,1900-01-01,"$372,996 ","$13,246 "
UBT-000203,Trees,UBT,Downtown,1,1900-01-01,500,1,1900-01-01,"$1,596 ","$1,418 "
UBT-000273,Trees,UBT,Downtown,1,1900-01-01,500,1,1900-01-01,"$1,596 ","$1,418 "
POS-000022,Grass,POS,Downtown,21848,1900-01-01,500,4,1900-01-01,"$378,581 ","$129,224 "
UBT-000482,Trees,UBT,Downtown,1,1900-01-01,500,2,1900-01-01,"$1,596 ","$1,418 "
UBT-000259,Trees,UBT,Downtown,1,1900-01-01,500,1,1900-01-01,"$1,596 ","$1,418 "
UBT-000263,Trees,UBT,Downtown,1,1900-01-01,500,1,1900-01-01,"$1,596 ","$1,418 "
UBT-000530,Trees,UBT,Downtown,1,1900-01-01,500,1,1900-01-01,"$1,596 ","$1,418 "
UBT-004456,Trees,UBT,Downtown,1,1900-01-01,500,5,1900-01-01,"$1,596 ","$1,418 "
UBT-000298,Trees,UBT,Downtown,1,1900-01-01,500,1,1900-01-01,"$1,596 ","$1,418 "
TRF-000096,Grass,TRF,Downtown,164,1900-01-01,500,4,1900-01-01,"$20,709 ",$735 
POS-000208,Grass,POS,Downtown,44380,1900-01-01,500,4,1900-01-01,"$769,020 ","$262,495 "
POS-000218,Grass,POS,Downtown,120,1900-01-01,500,1,1900-01-01,"$2,079 ",$710 
UBT-000159,Trees,UBT,Downtown,1,1900-01-01,500,3,1900-01-01,"$1,596 ","$1,418 "
UBT-000031,Trees,UBT,Downtown,1,1900-01-01,500,2,1900-01-01,"$1,596 ","$1,418 "
UBT-000170,Trees,UBT,Downtown,1,1900-01-01,500,3,1900-01-01,"$1,596 ","$1,418 "
BLT-000299,Built,BLT,Downtown,28,1900-01-01,500,5,1900-01-01,$0 ,$0 
UBT-000197,Trees,UBT,Downtown,1,1900-01-01,500,1,1900-01-01,"$1,596 ","$1,418 "
BLT-000549,Built,BLT,Downtown,165622,1900-01-01,500,2,1900-01-01,$0 ,$0 
UBT-000451,Trees,UBT,Downtown,1,1900-01-01,500,1,1900-01-01,"$1,596 ","$1,418 "
UBT-000101,Trees,UBT,Downtown,1,1900-01-01,500,1,1900-01-01,"$1,596 ","$1,418 "
UBT-000504,Trees,UBT,Downtown,1,1900-01-01,500,1,1900-01-01,"$1,596 ","$1,418 "
UBT-000190,Trees,UBT,Downtown,1,1900-01-01,500,1,1900-01-01,"$1,596 ","$1,418 "
UBT-000092,Trees,UBT,Downtown,1,1900-01-01,500,1,1900-01-01,"$1,596 ","$1,418 "
UBT-000123,Trees,UBT,Downtown,1,1900-01-01,500,1,1900-01-01,"$1,596 ","$1,418 "
UBT-003237,Trees,UBT,Downtown,1,1900-01-01,500,1,1900-01-01,"$1,596 ","$1,418 "
UBT-000049,Trees,UBT,Downtown,1,1900-01-01,500,1,1900-01-01,"$1,596 ","$1,418 "
UBT-004310,Trees,UBT,Downtown,1,1900-01-01,500,3,1900-01-01,"$1,596 ","$1,418 "
UBT-000119,Trees,UBT,Downtown,1,1900-01-01,500,1,1900-01-01,"$1,596 ","$1,418 "
UBT-000171,Trees,UBT,Downtown,1,1900-01-01,500,3,1900-01-01,"$1,596 ","$1,418 "
UBT-000189,Trees,UBT,Downtown,1,1900-01-01,500,2,1900-01-01,"$1,596 ","$1,418 "
UBT-000075,Trees,UBT,Downtown,1,1900-01-01,500,1,1900-01-01,"$1,596 ","$1,418 "
UBT-000502,Trees,UBT,Downtown,1,1900-01-01,500,1,1900-01-01,"$1,596 ","$1,418 "
UBT-004457,Trees,UBT,Downtown,1,1900-01-01,500,5,1900-01-01,"$1,596 ","$1,418 "
UBT-003677,Trees,UBT,Downtown,1,1900-01-01,500,2,1900-01-01,"$1,596 ","$1,418 "
UBT-000196,Trees,UBT,Downtown,1,1900-01-01,500,1,1900-01-01,"$1,596 ","$1,418 "
UBT-004443,Trees,UBT,Downtown,1,1900-01-01,500,4,1900-01-01,"$1,596 ","$1,418 "
UBT-000125,Trees,UBT,Downtown,1,1900-01-01,500,1,1900-01-01,"$1,596 ","$1,418 "
UBT-000428,Trees,UBT,Downtown,1,1900-01-01,500,3,1900-01-01,"$1,596 ","$1,418 "
UBT-000234,Trees,UBT,Downtown,1,1900-01-01,500,2,1900-01-01,"$1,596 ","$1,418 "
UBT-002238,Trees,UBT,Downtown,1,1900-01-01,500,1,1900-01-01,"$1,596 ","$1,418 "
UBT-000198,Trees,UBT,Downtown,1,1900-01-01,500,1,1900-01-01,"$1,596 ","$1,418 "
UBT-000272,Trees,UBT,Downtown,1,1900-01-01,500,1,1900-01-01,"$1,596 ","$1,418 "
UBT-000281,Trees,UBT,Downtown,1,1900-01-01,500,1,1900-01-01,"$1,596 ","$1,418 "
UBT-000474,Trees,UBT,Downtown,1,1900-01-01,500,4,1900-01-01,"$1,596 ","$1,418 "
UBT-000578,Trees,UBT,Downtown,1,1900-01-01,500,2,1900-01-01,"$1,596 ","$1,418 "
UBT-003241,Trees,UBT,Downtown,1,1900-01-01,500,1,1900-01-01,"$1,596 ","$1,418 "
UBT-000437,Trees,UBT,Downtown,1,1900-01-01,500,1,1900-01-01,"$1,596 ","$1,418 "
UBT-000218,Trees,UBT,Downtown,1,1900-01-01,500,3,1900-01-01,"$1,596 ","$1,418 "
UBT-004300,Trees,UBT,Downtown,1,1900-01-01,500,4,1900-01-01,"$1,596 ","$1,418 "
UBT-000479,Trees,UBT,Downtown,1,1900-01-01,500,3,1900-01-01,"$1,596 ","$1,418 "
UBT-000137,Trees,UBT,Downtown,1,1900-01-01,500,1,1900-01-01,"$1,596 ","$1,418 "
UBT-003217,Trees,UBT,Downtown,1,1900-01-01,500,1,1900-01-01,"$1,596 ","$1,418 "
UBT-000028,Trees,UBT,Downtown,1,1900-01-01,500,2,1900-01-01,"$1,596 ","$1,418 "
UBT-000288,Trees,UBT,Downtown,1,1900-01-01,500,1,1900-01-01,"$1,596 ","$1,418 "
FRT-002413,Trees,FRT,Downtown,21,1900-01-01,500,3,1900-01-01,$9 ,$74 
UBT-000024,Trees,UBT,Downtown,1,1900-01-01,500,4,1900-01-01,"$1,596 ","$1,418 "
UBT-000511,Trees,UBT,Downtown,1,1900-01-01,500,2,1900-01-01,"$1,596 ","$1,418 "
GRS-001384,Grass,GRS,Downtown,419,1900-01-01,500,2,1900-01-01,$172 ,"$1,526 "
BLT-000300,Built,BLT,Downtown,0,1900-01-01,500,5,1900-01-01,$0 ,$0 
UBT-003229,Trees,UBT,Downtown,1,1900-01-01,500,1,1900-01-01,"$1,596 ","$1,418 "
UBT-000513,Trees,UBT,Downtown,1,1900-01-01,500,2,1900-01-01,"$1,596 ","$1,418 "
UBT-003668,Trees,UBT,Downtown,1,1900-01-01,500,1,1900-01-01,"$1,596 ","$1,418 "
UBT-000228,Trees,UBT,Downtown,1,1900-01-01,500,1,1900-01-01,"$1,596 ","$1,418 "
TRF-000097,Grass,TRF,Downtown,928,1900-01-01,500,3,1900-01-01,"$116,948 ","$4,153 "
UBT-000140,Trees,UBT,Downtown,1,1900-01-01,500,2,1900-01-01,"$1,596 ","$1,418 "
UBT-000149,Trees,UBT,Downtown,1,1900-01-01,500,1,1900-01-01,"$1,596 ","$1,418 "
UBT-000296,Trees,UBT,Downtown,1,1900-01-01,500,1,1900-01-01,"$1,596 ","$1,418 "
UBT-000094,Trees,UBT,Downtown,1,1900-01-01,500,2,1900-01-01,"$1,596 ","$1,418 "
UBT-000279,Trees,UBT,Downtown,1,1900-01-01,500,2,1900-01-01,"$1,596 ","$1,418 "
UBT-000319,Trees,UBT,Downtown,1,1900-01-01,500,4,1900-01-01,"$1,596 ","$1,418 "
UBT-000134,Trees,UBT,Downtown,1,1900-01-01,500,1,1900-01-01,"$1,596 ","$1,418 "
UBT-004446,Trees,UBT,Downtown,1,1900-01-01,500,5,1900-01-01,"$1,596 ","$1,418 "
UBT-000325,Trees,UBT,Downtown,1,1900-01-01,500,2,1900-01-01,"$1,596 ","$1,418 "
UBT-000470,Trees,UBT,Downtown,1,1900-01-01,500,4,1900-01-01,"$1,596 ","$1,418 "
UBT-000535,Trees,UBT,Downtown,1,1900-01-01,500,1,1900-01-01,"$1,596 ","$1,418 "
UBT-004455,Trees,UBT,Downtown,1,1900-01-01,500,5,1900-01-01,"$1,596 ","$1,418 "
POS-000223,Grass,POS,Downtown,3578,1900-01-01,500,1,1900-01-01,"$61,999 ","$21,163 "
UBT-000142,Trees,UBT,Downtown,1,1900-01-01,500,2,1900-01-01,"$1,596 ","$1,418 "
UBT-003219,Trees,UBT,Downtown,1,1900-01-01,500,1,1900-01-01,"$1,596 ","$1,418 "
POS-000015,Grass,POS,Downtown,4220,1900-01-01,500,3,1900-01-01,"$73,124 ","$24,960 "
UBT-000155,Trees,UBT,Downtown,1,1900-01-01,500,3,1900-01-01,"$1,596 ","$1,418 "
UBT-000058,Trees,UBT,Downtown,1,1900-01-01,500,2,1900-01-01,"$1,596 ","$1,418 "
UBT-003226,Trees,UBT,Downtown,1,1900-01-01,500,1,1900-01-01,"$1,596 ","$1,418 "
UBT-000546,Trees,UBT,Downtown,1,1900-01-01,500,1,1900-01-01,"$1,596 ","$1,418 "
UBT-000274,Trees,UBT,Downtown,1,1900-01-01,500,1,1900-01-01,"$1,596 ","$1,418 "
UBT-000497,Trees,UBT,Downtown,1,1900-01-01,500,1,1900-01-01,"$1,596 ","$1,418 "
UBT-000257,Trees,UBT,Downtown,1,1900-01-01,500,1,1900-01-01,"$1,596 ","$1,418 "
UBT-000284,Trees,UBT,Downtown,1,1900-01-01,500,1,1900-01-01,"$1,596 ","$1,418 "
UBT-002231,Trees,UBT,Downtown,1,1900-01-01,500,1,1900-01-01,"$1,596 ","$1,418 "
POS-000017,Grass,POS,Downtown,2178,1900-01-01,500,1,1900-01-01,"$37,740 ","$12,882 "
UBT-000427,Trees,UBT,Downtown,1,1900-01-01,500,3,1900-01-01,"$1,596 ","$1,418 "
UBT-002230,Trees,UBT,Downtown,1,1900-01-01,500,1,1900-01-01,"$1,596 ","$1,418 "
UBT-000251,Trees,UBT,Downtown,1,1900-01-01,500,1,1900-01-01,"$1,596 ","$1,418 "
UBT-000172,Trees,UBT,Downtown,1,1900-01-01,500,3,1900-01-01,"$1,596 ","$1,418 "
UBT-000277,Trees,UBT,Downtown,1,1900-01-01,500,1,1900-01-01,"$1,596 ","$1,418 "
UBT-000118,Trees,UBT,Downtown,1,1900-01-01,500,1,1900-01-01,"$1,596 ","$1,418 "
UBT-000244,Trees,UBT,Downtown,1,1900-01-01,500,2,1900-01-01,"$1,596 ","$1,418 "
UBT-000302,Trees,UBT,Downtown,1,1900-01-01,500,3,1900-01-01,"$1,596 ","$1,418 "
UBT-003236,Trees,UBT,Downtown,1,1900-01-01,500,1,1900-01-01,"$1,596 ","$1,418 "
UBT-000129,Trees,UBT,Downtown,1,1900-01-01,500,1,1900-01-01,"$1,596 ","$1,418 "
UBT-000453,Trees,UBT,Downtown,1,1900-01-01,500,2,1900-01-01,"$1,596 ","$1,418 "
UBT-000270,Trees,UBT,Downtown,1,1900-01-01,500,1,1900-01-01,"$1,596 ","$1,418 "
UBT-000520,Trees,UBT,Downtown,1,1900-01-01,500,2,1900-01-01,"$1,596 ","$1,418 "
UBT-000168,Trees,UBT,Downtown,1,1900-01-01,500,4,1900-01-01,"$1,596 ","$1,418 "
UBT-003230,Trees,UBT,Downtown,1,1900-01-01,500,1,1900-01-01,"$1,596 ","$1,418 "
UBT-004303,Trees,UBT,Downtown,1,1900-01-01,500,4,1900-01-01,"$1,596 ","$1,418 "
UBT-000290,Trees,UBT,Downtown,1,1900-01-01,500,1,1900-01-01,"$1,596 ","$1,418 "
UBT-000238,Trees,UBT,Downtown,1,1900-01-01,500,1,1900-01-01,"$1,596 ","$1,418 "
UBT-000562,Trees,UBT,Downtown,1,1900-01-01,500,1,1900-01-01,"$1,596 ","$1,418 "
UBT-000469,Trees,UBT,Downtown,1,1900-01-01,500,5,1900-01-01,"$1,596 ","$1,418 "
UBT-004441,Trees,UBT,Downtown,1,1900-01-01,500,5,1900-01-01,"$1,596 ","$1,418 "
UBT-003216,Trees,UBT,Downtown,1,1900-01-01,500,1,1900-01-01,"$1,596 ","$1,418 "
FRT-002415,Trees,FRT,Downtown,4,1900-01-01,500,5,1900-01-01,$2 ,$14 
POS-000258,Grass,POS,Downtown,2946,1900-01-01,500,3,1900-01-01,"$51,051 ","$17,425 "
UBT-003215,Trees,UBT,Downtown,1,1900-01-01,500,1,1900-01-01,"$1,596 ","$1,418 "
UBT-000448,Trees,UBT,Downtown,1,1900-01-01,500,1,1900-01-01,"$1,596 ","$1,418 "
UBT-000554,Trees,UBT,Downtown,1,1900-01-01,500,4,1900-01-01,"$1,596 ","$1,418 "
BRE-006542,Bare,BRE,Downtown,1,1900-01-01,500,5,1900-01-01,$0 ,$0 
UBT-000540,Trees,UBT,Downtown,1,1900-01-01,500,1,1900-01-01,"$1,596 ","$1,418 "
UBT-000533,Trees,UBT,Downtown,1,1900-01-01,500,1,1900-01-01,"$1,596 ","$1,418 "
POS-000019,Grass,POS,Downtown,1243,1900-01-01,500,2,1900-01-01,"$21,539 ","$7,352 "
UBT-003233,Trees,UBT,Downtown,1,1900-01-01,500,1,1900-01-01,"$1,596 ","$1,418 "
UBT-000100,Trees,UBT,Downtown,1,1900-01-01,500,1,1900-01-01,"$1,596 ","$1,418 "
UBT-000269,Trees,UBT,Downtown,1,1900-01-01,500,1,1900-01-01,"$1,596 ","$1,418 "
UBT-000211,Trees,UBT,Downtown,1,1900-01-01,500,1,1900-01-01,"$1,596 ","$1,418 "
UBT-000542,Trees,UBT,Downtown,1,1900-01-01,500,1,1900-01-01,"$1,596 ","$1,418 "
UBT-000282,Trees,UBT,Downtown,1,1900-01-01,500,2,1900-01-01,"$1,596 ","$1,418 "
UBT-000070,Trees,UBT,Downtown,1,1900-01-01,500,1,1900-01-01,"$1,596 ","$1,418 "
UBT-004449,Trees,UBT,Downtown,1,1900-01-01,500,5,1900-01-01,"$1,596 ","$1,418 "
UBT-000235,Trees,UBT,Downtown,1,1900-01-01,500,1,1900-01-01,"$1,596 ","$1,418 "
UBT-000110,Trees,UBT,Downtown,1,1900-01-01,500,1,1900-01-01,"$1,596 ","$1,418 "
UBT-000232,Trees,UBT,Downtown,1,1900-01-01,500,3,1900-01-01,"$1,596 ","$1,418 "
UBT-000227,Trees,UBT,Downtown,1,1900-01-01,500,1,1900-01-01,"$1,596 ","$1,418 "
UBT-000438,Trees,UBT,Downtown,1,1900-01-01,500,2,1900-01-01,"$1,596 ","$1,418 "
UBT-000516,Trees,UBT,Downtown,1,1900-01-01,500,2,1900-01-01,"$1,596 ","$1,418 "
UBT-000073,Trees,UBT,Downtown,1,1900-01-01,500,1,1900-01-01,"$1,596 ","$1,418 "
UBT-000022,Trees,UBT,Downtown,1,1900-01-01,500,3,1900-01-01,"$1,596 ","$1,418 "
UBT-000077,Trees,UBT,Downtown,1,1900-01-01,500,1,1900-01-01,"$1,596 ","$1,418 "
UBT-000536,Trees,UBT,Downtown,1,1900-01-01,500,1,1900-01-01,"$1,596 ","$1,418 "
UBT-000157,Trees,UBT,Downtown,1,1900-01-01,500,3,1900-01-01,"$1,596 ","$1,418 "
UBT-000487,Trees,UBT,Downtown,1,1900-01-01,500,1,1900-01-01,"$1,596 ","$1,418 "
UBT-000060,Trees,UBT,Downtown,1,1900-01-01,500,3,1900-01-01,"$1,596 ","$1,418 "
UBT-000312,Trees,UBT,Downtown,1,1900-01-01,500,4,1900-01-01,"$1,596 ","$1,418 "
UBT-000552,Trees,UBT,Downtown,1,1900-01-01,500,2,1900-01-01,"$1,596 ","$1,418 "
TRF-000064,Grass,TRF,Downtown,200,1900-01-01,500,2,1900-01-01,"$25,204 ",$895 
UBT-003674,Trees,UBT,Downtown,1,1900-01-01,500,1,1900-01-01,"$1,596 ","$1,418 "
UBT-000297,Trees,UBT,Downtown,1,1900-01-01,500,1,1900-01-01,"$1,596 ","$1,418 "
UBT-000150,Trees,UBT,Downtown,1,1900-01-01,500,3,1900-01-01,"$1,596 ","$1,418 "
FRT-002502,Trees,FRT,Downtown,859,1900-01-01,500,5,1900-01-01,$353 ,"$3,027 "
UBT-000498,Trees,UBT,Downtown,1,1900-01-01,500,1,1900-01-01,"$1,596 ","$1,418 "
UBT-000191,Trees,UBT,Downtown,1,1900-01-01,500,2,1900-01-01,"$1,596 ","$1,418 "
UBT-000436,Trees,UBT,Downtown,1,1900-01-01,500,1,1900-01-01,"$1,596 ","$1,418 "
UBT-000268,Trees,UBT,Downtown,1,1900-01-01,500,1,1900-01-01,"$1,596 ","$1,418 "
TRF-000001,Grass,TRF,Downtown,33847,1900-01-01,500,3,1900-01-01,"$4,265,395 ","$151,478 "
UBT-000032,Trees,UBT,Downtown,1,1900-01-01,500,1,1900-01-01,"$1,596 ","$1,418 "
UBT-000231,Trees,UBT,Downtown,1,1900-01-01,500,3,1900-01-01,"$1,596 ","$1,418 "
UBT-000083,Trees,UBT,Downtown,1,1900-01-01,500,2,1900-01-01,"$1,596 ","$1,418 "
UBT-000126,Trees,UBT,Downtown,1,1900-01-01,500,1,1900-01-01,"$1,596 ","$1,418 "
UBT-000501,Trees,UBT,Downtown,1,1900-01-01,500,1,1900-01-01,"$1,596 ","$1,418 "
UBT-004306,Trees,UBT,Downtown,1,1900-01-01,500,4,1900-01-01,"$1,596 ","$1,418 "
UBT-000582,Trees,UBT,Downtown,1,1900-01-01,500,1,1900-01-01,"$1,596 ","$1,418 "
UBT-000539,Trees,UBT,Downtown,1,1900-01-01,500,1,1900-01-01,"$1,596 ","$1,418 "
UBT-000236,Trees,UBT,Downtown,1,1900-01-01,500,1,1900-01-01,"$1,596 ","$1,418 "
UBT-000433,Trees,UBT,Downtown,1,1900-01-01,500,2,1900-01-01,"$1,596 ","$1,418 "
UBT-003224,Trees,UBT,Downtown,1,1900-01-01,500,1,1900-01-01,"$1,596 ","$1,418 "
UBT-000047,Trees,UBT,Downtown,1,1900-01-01,500,1,1900-01-01,"$1,596 ","$1,418 "
UBT-003225,Trees,UBT,Downtown,1,1900-01-01,500,1,1900-01-01,"$1,596 ","$1,418 "
UBT-000580,Trees,UBT,Downtown,1,1900-01-01,500,2,1900-01-01,"$1,596 ","$1,418 "
UBT-000570,Trees,UBT,Downtown,1,1900-01-01,500,1,1900-01-01,"$1,596 ","$1,418 "
UBT-000543,Trees,UBT,Downtown,1,1900-01-01,500,1,1900-01-01,"$1,596 ","$1,418 "
UBT-000468,Trees,UBT,Downtown,1,1900-01-01,500,5,1900-01-01,"$1,596 ","$1,418 "
UBT-000528,Trees,UBT,Downtown,1,1900-01-01,500,1,1900-01-01,"$1,596 ","$1,418 "
UBT-000519,Trees,UBT,Downtown,1,1900-01-01,500,2,1900-01-01,"$1,596 ","$1,418 "
UBT-000193,Trees,UBT,Downtown,1,1900-01-01,500,1,1900-01-01,"$1,596 ","$1,418 "
UBT-000158,Trees,UBT,Downtown,1,1900-01-01,500,3,1900-01-01,"$1,596 ","$1,418 "
UBT-000484,Trees,UBT,Downtown,1,1900-01-01,500,1,1900-01-01,"$1,596 ","$1,418 "
UBT-000035,Trees,UBT,Downtown,1,1900-01-01,500,1,1900-01-01,"$1,596 ","$1,418 "
UBT-000308,Trees,UBT,Downtown,1,1900-01-01,500,4,1900-01-01,"$1,596 ","$1,418 "
UBT-000324,Trees,UBT,Downtown,1,1900-01-01,500,1,1900-01-01,"$1,596 ","$1,418 "
UBT-000122,Trees,UBT,Downtown,1,1900-01-01,500,1,1900-01-01,"$1,596 ","$1,418 "
UBT-002241,Trees,UBT,Downtown,1,1900-01-01,500,1,1900-01-01,"$1,596 ","$1,418 "
UBT-000253,Trees,UBT,Downtown,1,1900-01-01,500,1,1900-01-01,"$1,596 ","$1,418 "
UBT-000541,Trees,UBT,Downtown,1,1900-01-01,500,1,1900-01-01,"$1,596 ","$1,418 "
UBT-000221,Trees,UBT,Downtown,1,1900-01-01,500,1,1900-01-01,"$1,596 ","$1,418 "
UBT-000515,Trees,UBT,Downtown,1,1900-01-01,500,2,1900-01-01,"$1,596 ","$1,418 "
UBT-000151,Trees,UBT,Downtown,1,1900-01-01,500,3,1900-01-01,"$1,596 ","$1,418 "
UBT-000237,Trees,UBT,Downtown,1,1900-01-01,500,1,1900-01-01,"$1,596 ","$1,418 "
UBT-000213,Trees,UBT,Downtown,1,1900-01-01,500,1,1900-01-01,"$1,596 ","$1,418 "
UBT-000219,Trees,UBT,Downtown,1,1900-01-01,500,1,1900-01-01,"$1,596 ","$1,418 "
UBT-000299,Trees,UBT,Downtown,1,1900-01-01,500,1,1900-01-01,"$1,596 ","$1,418 "
UBT-000145,Trees,UBT,Downtown,1,1900-01-01,500,2,1900-01-01,"$1,596 ","$1,418 "
UBT-000239,Trees,UBT,Downtown,1,1900-01-01,500,1,1900-01-01,"$1,596 ","$1,418 "
UBT-000243,Trees,UBT,Downtown,1,1900-01-01,500,2,1900-01-01,"$1,596 ","$1,418 "
UBT-000048,Trees,UBT,Downtown,1,1900-01-01,500,1,1900-01-01,"$1,596 ","$1,418 "
UBT-000509,Trees,UBT,Downtown,1,1900-01-01,500,2,1900-01-01,"$1,596 ","$1,418 "
UBT-000247,Trees,UBT,Downtown,1,1900-01-01,500,1,1900-01-01,"$1,596 ","$1,418 "
UBT-000505,Trees,UBT,Downtown,1,1900-01-01,500,1,1900-01-01,"$1,596 ","$1,418 "
UBT-003231,Trees,UBT,Downtown,1,1900-01-01,500,1,1900-01-01,"$1,596 ","$1,418 "
UBT-000078,Trees,UBT,Downtown,1,1900-01-01,500,1,1900-01-01,"$1,596 ","$1,418 "
UBT-000061,Trees,UBT,Downtown,1,1900-01-01,500,3,1900-01-01,"$1,596 ","$1,418 "
UBT-000534,Trees,UBT,Downtown,1,1900-01-01,500,1,1900-01-01,"$1,596 ","$1,418 "
GRS-001383,Grass,GRS,Downtown,141,1900-01-01,500,2,1900-01-01,$58 ,$512 
UBT-003954,Trees,UBT,Downtown,1,1900-01-01,500,4,1900-01-01,"$1,596 ","$1,418 "
UBT-000450,Trees,UBT,Downtown,1,1900-01-01,500,2,1900-01-01,"$1,596 ","$1,418 "
UBT-005437,Trees,UBT,Downtown,1,1900-01-01,500,1,1900-01-01,"$1,596 ","$1,418 "
UBT-003218,Trees,UBT,Downtown,1,1900-01-01,500,1,1900-01-01,"$1,596 ","$1,418 "
UBT-000229,Trees,UBT,Downtown,1,1900-01-01,500,1,1900-01-01,"$1,596 ","$1,418 "
UBT-000523,Trees,UBT,Downtown,1,1900-01-01,500,3,1900-01-01,"$1,596 ","$1,418 "
FRT-002418,Trees,FRT,Downtown,55,1900-01-01,500,3,1900-01-01,$22 ,$193 
UBT-000201,Trees,UBT,Downtown,1,1900-01-01,500,1,1900-01-01,"$1,596 ","$1,418 "
UBT-003235,Trees,UBT,Downtown,1,1900-01-01,500,1,1900-01-01,"$1,596 ","$1,418 "
UBT-000205,Trees,UBT,Downtown,1,1900-01-01,500,1,1900-01-01,"$1,596 ","$1,418 "
UBT-004298,Trees,UBT,Downtown,1,1900-01-01,500,4,1900-01-01,"$1,596 ","$1,418 "
UBT-003732,Trees,UBT,Downtown,1,1900-01-01,500,1,1900-01-01,"$1,596 ","$1,418 "
UBT-000023,Trees,UBT,Downtown,1,1900-01-01,500,4,1900-01-01,"$1,596 ","$1,418 "
UBT-000121,Trees,UBT,Downtown,1,1900-01-01,500,1,1900-01-01,"$1,596 ","$1,418 "
UBT-000116,Trees,UBT,Downtown,1,1900-01-01,500,1,1900-01-01,"$1,596 ","$1,418 "
UBT-003955,Trees,UBT,Downtown,1,1900-01-01,500,2,1900-01-01,"$1,596 ","$1,418 "
UBT-000053,Trees,UBT,Downtown,1,1900-01-01,500,1,1900-01-01,"$1,596 ","$1,418 "
UBT-000287,Trees,UBT,Downtown,1,1900-01-01,500,1,1900-01-01,"$1,596 ","$1,418 "
UBT-000440,Trees,UBT,Downtown,1,1900-01-01,500,1,1900-01-01,"$1,596 ","$1,418 "
UBT-000430,Trees,UBT,Downtown,1,1900-01-01,500,4,1900-01-01,"$1,596 ","$1,418 "
UBT-000254,Trees,UBT,Downtown,1,1900-01-01,500,1,1900-01-01,"$1,596 ","$1,418 "
UBT-000492,Trees,UBT,Downtown,1,1900-01-01,500,1,1900-01-01,"$1,596 ","$1,418 "
UBT-000044,Trees,UBT,Downtown,1,1900-01-01,500,2,1900-01-01,"$1,596 ","$1,418 "
UBT-000457,Trees,UBT,Downtown,1,1900-01-01,500,1,1900-01-01,"$1,596 ","$1,418 "
UBT-000293,Trees,UBT,Downtown,1,1900-01-01,500,1,1900-01-01,"$1,596 ","$1,418 "
UBT-004308,Trees,UBT,Downtown,1,1900-01-01,500,4,1900-01-01,"$1,596 ","$1,418 "
UBT-000485,Trees,UBT,Downtown,1,1900-01-01,500,1,1900-01-01,"$1,596 ","$1,418 "
BRE-006540,Bare,BRE,Downtown,1959,1900-01-01,500,1,1900-01-01,$0 ,$0 
UBT-000225,Trees,UBT,Downtown,1,1900-01-01,500,1,1900-01-01,"$1,596 ","$1,418 "
UBT-000306,Trees,UBT,Downtown,1,1900-01-01,500,4,1900-01-01,"$1,596 ","$1,418 "
UBT-000130,Trees,UBT,Downtown,1,1900-01-01,500,2,1900-01-01,"$1,596 ","$1,418 "
UBT-000080,Trees,UBT,Downtown,1,1900-01-01,500,2,1900-01-01,"$1,596 ","$1,418 "
POS-000283,Grass,POS,Downtown,2417,1900-01-01,500,4,1900-01-01,"$41,886 ","$14,297 "
UBT-000521,Trees,UBT,Downtown,1,1900-01-01,500,3,1900-01-01,"$1,596 ","$1,418 "
UBT-000050,Trees,UBT,Downtown,1,1900-01-01,500,1,1900-01-01,"$1,596 ","$1,418 "
UBT-000112,Trees,UBT,Downtown,1,1900-01-01,500,1,1900-01-01,"$1,596 ","$1,418 "
UBT-000489,Trees,UBT,Downtown,1,1900-01-01,500,1,1900-01-01,"$1,596 ","$1,418 "
UBT-000192,Trees,UBT,Downtown,1,1900-01-01,500,1,1900-01-01,"$1,596 ","$1,418 "
UBT-000300,Trees,UBT,Downtown,1,1900-01-01,500,3,1900-01-01,"$1,596 ","$1,418 "
BRE-006541,Bare,BRE,Downtown,1538,1900-01-01,500,1,1900-01-01,$0 ,$0 
UBT-000314,Trees,UBT,Downtown,1,1900-01-01,500,4,1900-01-01,"$1,596 ","$1,418 "
UBT-000444,Trees,UBT,Downtown,1,1900-01-01,500,1,1900-01-01,"$1,596 ","$1,418 "
UBT-000188,Trees,UBT,Downtown,1,1900-01-01,500,1,1900-01-01,"$1,596 ","$1,418 "
UBT-004442,Trees,UBT,Downtown,1,1900-01-01,500,5,1900-01-01,"$1,596 ","$1,418 "
TRF-000069,Grass,TRF,Downtown,38,1900-01-01,500,3,1900-01-01,"$4,789 ",$170 
UBT-000096,Trees,UBT,Downtown,1,1900-01-01,500,1,1900-01-01,"$1,596 ","$1,418 "
UBT-000252,Trees,UBT,Downtown,1,1900-01-01,500,1,1900-01-01,"$1,596 ","$1,418 "
UBT-000242,Trees,UBT,Downtown,1,1900-01-01,500,2,1900-01-01,"$1,596 ","$1,418 "
UBT-000114,Trees,UBT,Downtown,1,1900-01-01,500,1,1900-01-01,"$1,596 ","$1,418 "
POS-000016,Grass,POS,Downtown,996,1900-01-01,500,3,1900-01-01,"$17,259 ","$5,891 "
UBT-000139,Trees,UBT,Downtown,1,1900-01-01,500,1,1900-01-01,"$1,596 ","$1,418 "
UBT-005435,Trees,UBT,Downtown,1,1900-01-01,500,1,1900-01-01,"$1,596 ","$1,418 "
UBT-000115,Trees,UBT,Downtown,1,1900-01-01,500,1,1900-01-01,"$1,596 ","$1,418 "
UBT-002235,Trees,UBT,Downtown,1,1900-01-01,500,2,1900-01-01,"$1,596 ","$1,418 "
UBT-000480,Trees,UBT,Downtown,1,1900-01-01,500,1,1900-01-01,"$1,596 ","$1,418 "
UBT-000531,Trees,UBT,Downtown,1,1900-01-01,500,1,1900-01-01,"$1,596 ","$1,418 "
UBT-000471,Trees,UBT,Downtown,1,1900-01-01,500,1,1900-01-01,"$1,596 ","$1,418 "
UBT-000113,Trees,UBT,Downtown,1,1900-01-01,500,1,1900-01-01,"$1,596 ","$1,418 "
UBT-000560,Trees,UBT,Downtown,1,1900-01-01,500,2,1900-01-01,"$1,596 ","$1,418 "
UBT-000043,Trees,UBT,Downtown,1,1900-01-01,500,1,1900-01-01,"$1,596 ","$1,418 "
UBT-004302,Trees,UBT,Downtown,1,1900-01-01,500,4,1900-01-01,"$1,596 ","$1,418 "
UBT-000514,Trees,UBT,Downtown,1,1900-01-01,500,2,1900-01-01,"$1,596 ","$1,418 "
UBT-000249,Trees,UBT,Downtown,1,1900-01-01,500,1,1900-01-01,"$1,596 ","$1,418 "
UBT-000439,Trees,UBT,Downtown,1,1900-01-01,500,1,1900-01-01,"$1,596 ","$1,418 "
UBT-000265,Trees,UBT,Downtown,1,1900-01-01,500,1,1900-01-01,"$1,596 ","$1,418 "
UBT-000117,Trees,UBT,Downtown,1,1900-01-01,500,1,1900-01-01,"$1,596 ","$1,418 "
UBT-000461,Trees,UBT,Downtown,1,1900-01-01,500,3,1900-01-01,"$1,596 ","$1,418 "
UBT-004311,Trees,UBT,Downtown,1,1900-01-01,500,4,1900-01-01,"$1,596 ","$1,418 "
UBT-004301,Trees,UBT,Downtown,1,1900-01-01,500,3,1900-01-01,"$1,596 ","$1,418 "
UBT-000473,Trees,UBT,Downtown,1,1900-01-01,500,2,1900-01-01,"$1,596 ","$1,418 "
UBT-000320,Trees,UBT,Downtown,1,1900-01-01,500,4,1900-01-01,"$1,596 ","$1,418 "
UBT-000478,Trees,UBT,Downtown,1,1900-01-01,500,3,1900-01-01,"$1,596 ","$1,418 "
TRF-000066,Grass,TRF,Downtown,213,1900-01-01,500,2,1900-01-01,"$26,843 ",$953 
TRF-000030,Grass,TRF,Downtown,702,1900-01-01,500,3,1900-01-01,"$88,467 ","$3,142 "
UBT-000187,Trees,UBT,Downtown,1,1900-01-01,500,2,1900-01-01,"$1,596 ","$1,418 "
UBT-000233,Trees,UBT,Downtown,1,1900-01-01,500,4,1900-01-01,"$1,596 ","$1,418 "
UBT-000283,Trees,UBT,Downtown,1,1900-01-01,500,1,1900-01-01,"$1,596 ","$1,418 "
UBT-000088,Trees,UBT,Downtown,1,1900-01-01,500,1,1900-01-01,"$1,596 ","$1,418 "
UBT-000064,Trees,UBT,Downtown,1,1900-01-01,500,1,1900-01-01,"$1,596 ","$1,418 "
UBT-000057,Trees,UBT,Downtown,1,1900-01-01,500,2,1900-01-01,"$1,596 ","$1,418 "
UBT-000160,Trees,UBT,Downtown,1,1900-01-01,500,2,1900-01-01,"$1,596 ","$1,418 "
BLT-000298,Built,BLT,Downtown,130,1900-01-01,500,1,1900-01-01,$0 ,$0 
UBT-000087,Trees,UBT,Downtown,1,1900-01-01,500,1,1900-01-01,"$1,596 ","$1,418 "
UBT-000131,Trees,UBT,Downtown,1,1900-01-01,500,2,1900-01-01,"$1,596 ","$1,418 "
UBT-000051,Trees,UBT,Downtown,1,1900-01-01,500,1,1900-01-01,"$1,596 ","$1,418 "
UBT-003734,Trees,UBT,Downtown,1,1900-01-01,500,1,1900-01-01,"$1,596 ","$1,418 "
UBT-000169,Trees,UBT,Downtown,1,1900-01-01,500,4,1900-01-01,"$1,596 ","$1,418 "
UBT-000493,Trees,UBT,Downtown,1,1900-01-01,500,1,1900-01-01,"$1,596 ","$1,418 "
UBT-003243,Trees,UBT,Downtown,1,1900-01-01,500,1,1900-01-01,"$1,596 ","$1,418 "
UBT-000215,Trees,UBT,Downtown,1,1900-01-01,500,1,1900-01-01,"$1,596 ","$1,418 "
UBT-000059,Trees,UBT,Downtown,1,1900-01-01,500,2,1900-01-01,"$1,596 ","$1,418 "
UBT-000102,Trees,UBT,Downtown,1,1900-01-01,500,1,1900-01-01,"$1,596 ","$1,418 "
UBT-000220,Trees,UBT,Downtown,1,1900-01-01,500,1,1900-01-01,"$1,596 ","$1,418 "
UBT-000544,Trees,UBT,Downtown,1,1900-01-01,500,1,1900-01-01,"$1,596 ","$1,418 "
UBT-000230,Trees,UBT,Downtown,1,1900-01-01,500,1,1900-01-01,"$1,596 ","$1,418 "
UBT-003221,Trees,UBT,Downtown,1,1900-01-01,500,1,1900-01-01,"$1,596 ","$1,418 "
UBT-000524,Trees,UBT,Downtown,1,1900-01-01,500,3,1900-01-01,"$1,596 ","$1,418 "
UBT-000167,Trees,UBT,Downtown,1,1900-01-01,500,3,1900-01-01,"$1,596 ","$1,418 "
UBT-000549,Trees,UBT,Downtown,1,1900-01-01,500,1,1900-01-01,"$1,596 ","$1,418 "
UBT-000200,Trees,UBT,Downtown,1,1900-01-01,500,1,1900-01-01,"$1,596 ","$1,418 "
UBT-000321,Trees,UBT,Downtown,1,1900-01-01,500,3,1900-01-01,"$1,596 ","$1,418 "
UBT-000025,Trees,UBT,Downtown,1,1900-01-01,500,2,1900-01-01,"$1,596 ","$1,418 "
UBT-000464,Trees,UBT,Downtown,1,1900-01-01,500,1,1900-01-01,"$1,596 ","$1,418 "
UBT-000295,Trees,UBT,Downtown,1,1900-01-01,500,1,1900-01-01,"$1,596 ","$1,418 "
UBT-000292,Trees,UBT,Downtown,1,1900-01-01,500,1,1900-01-01,"$1,596 ","$1,418 "
UBT-000206,Trees,UBT,Downtown,1,1900-01-01,500,1,1900-01-01,"$1,596 ","$1,418 "
UBT-003239,Trees,UBT,Downtown,1,1900-01-01,500,1,1900-01-01,"$1,596 ","$1,418 "
UBT-003234,Trees,UBT,Downtown,1,1900-01-01,500,1,1900-01-01,"$1,596 ","$1,418 "
UBT-000074,Trees,UBT,Downtown,1,1900-01-01,500,1,1900-01-01,"$1,596 ","$1,418 "
UBT-000161,Trees,UBT,Downtown,1,1900-01-01,500,2,1900-01-01,"$1,596 ","$1,418 "
UBT-000026,Trees,UBT,Downtown,1,1900-01-01,500,3,1900-01-01,"$1,596 ","$1,418 "
UBT-000081,Trees,UBT,Downtown,1,1900-01-01,500,2,1900-01-01,"$1,596 ","$1,418 "
UBT-000545,Trees,UBT,Downtown,1,1900-01-01,500,1,1900-01-01,"$1,596 ","$1,418 "
UBT-003223,Trees,UBT,Downtown,1,1900-01-01,500,1,1900-01-01,"$1,596 ","$1,418 "
UBT-000054,Trees,UBT,Downtown,1,1900-01-01,500,1,1900-01-01,"$1,596 ","$1,418 "
FRT-002417,Trees,FRT,Downtown,120,1900-01-01,500,2,1900-01-01,$49 ,$421 
UBT-000165,Trees,UBT,Downtown,1,1900-01-01,500,3,1900-01-01,"$1,596 ","$1,418 "
UBT-000154,Trees,UBT,Downtown,1,1900-01-01,500,4,1900-01-01,"$1,596 ","$1,418 "
UBT-000132,Trees,UBT,Downtown,1,1900-01-01,500,2,1900-01-01,"$1,596 ","$1,418 "
UBT-000538,Trees,UBT,Downtown,1,1900-01-01,500,1,1900-01-01,"$1,596 ","$1,418 "
UBT-001638,Trees,UBT,Downtown,1,1900-01-01,500,1,1900-01-01,"$1,596 ","$1,418 "
UBT-000307,Trees,UBT,Downtown,1,1900-01-01,500,4,1900-01-01,"$1,596 ","$1,418 "
UBT-000222,Trees,UBT,Downtown,1,1900-01-01,500,1,1900-01-01,"$1,596 ","$1,418 "
UBT-000166,Trees,UBT,Downtown,1,1900-01-01,500,2,1900-01-01,"$1,596 ","$1,418 "
UBT-004450,Trees,UBT,Downtown,1,1900-01-01,500,5,1900-01-01,"$1,596 ","$1,418 "
UBT-000566,Trees,UBT,Downtown,1,1900-01-01,500,1,1900-01-01,"$1,596 ","$1,418 "
UBT-000483,Trees,UBT,Downtown,1,1900-01-01,500,2,1900-01-01,"$1,596 ","$1,418 "
UBT-000267,Trees,UBT,Downtown,1,1900-01-01,500,1,1900-01-01,"$1,596 ","$1,418 "
UBT-000575,Trees,UBT,Downtown,1,1900-01-01,500,1,1900-01-01,"$1,596 ","$1,418 "
UBT-004305,Trees,UBT,Downtown,1,1900-01-01,500,4,1900-01-01,"$1,596 ","$1,418 "
UBT-000323,Trees,UBT,Downtown,1,1900-01-01,500,4,1900-01-01,"$1,596 ","$1,418 "
UBT-000488,Trees,UBT,Downtown,1,1900-01-01,500,2,1900-01-01,"$1,596 ","$1,418 "
UBT-000510,Trees,UBT,Downtown,1,1900-01-01,500,2,1900-01-01,"$1,596 ","$1,418 "
UBT-000120,Trees,UBT,Downtown,1,1900-01-01,500,1,1900-01-01,"$1,596 ","$1,418 "
UBT-003228,Trees,UBT,Downtown,1,1900-01-01,500,1,1900-01-01,"$1,596 ","$1,418 "
UBT-000304,Trees,UBT,Downtown,1,1900-01-01,500,3,1900-01-01,"$1,596 ","$1,418 "
UBT-001637,Trees,UBT,Downtown,1,1900-01-01,500,1,1900-01-01,"$1,596 ","$1,418 "
UBT-000291,Trees,UBT,Downtown,1,1900-01-01,500,1,1900-01-01,"$1,596 ","$1,418 "
UBT-000072,Trees,UBT,Downtown,1,1900-01-01,500,1,1900-01-01,"$1,596 ","$1,418 "
POS-000257,Grass,POS,Downtown,15561,1900-01-01,500,4,1900-01-01,"$269,635 ","$92,036 "
UBT-000147,Trees,UBT,Downtown,1,1900-01-01,500,1,1900-01-01,"$1,596 ","$1,418 "
UBT-000460,Trees,UBT,Downtown,1,1900-01-01,500,2,1900-01-01,"$1,596 ","$1,418 "
UBT-000565,Trees,UBT,Downtown,1,1900-01-01,500,1,1900-01-01,"$1,596 ","$1,418 "
UBT-002242,Trees,UBT,Downtown,1,1900-01-01,500,1,1900-01-01,"$1,596 ","$1,418 "
UBT-000441,Trees,UBT,Downtown,1,1900-01-01,500,1,1900-01-01,"$1,596 ","$1,418 "
UBT-004307,Trees,UBT,Downtown,1,1900-01-01,500,4,1900-01-01,"$1,596 ","$1,418 "
UBT-000507,Trees,UBT,Downtown,1,1900-01-01,500,1,1900-01-01,"$1,596 ","$1,418 "
UBT-000576,Trees,UBT,Downtown,1,1900-01-01,500,1,1900-01-01,"$1,596 ","$1,418 "
TRF-000070,Grass,TRF,Downtown,842,1900-01-01,500,4,1900-01-01,"$106,110 ","$3,768 "
UBT-000248,Trees,UBT,Downtown,1,1900-01-01,500,1,1900-01-01,"$1,596 ","$1,418 "
UBT-000443,Trees,UBT,Downtown,1,1900-01-01,500,1,1900-01-01,"$1,596 ","$1,418 "
UBT-000255,Trees,UBT,Downtown,1,1900-01-01,500,1,1900-01-01,"$1,596 ","$1,418 "
UBT-000152,Trees,UBT,Downtown,1,1900-01-01,500,2,1900-01-01,"$1,596 ","$1,418 "
UBT-000071,Trees,UBT,Downtown,1,1900-01-01,500,1,1900-01-01,"$1,596 ","$1,418 "
UBT-000547,Trees,UBT,Downtown,1,1900-01-01,500,1,1900-01-01,"$1,596 ","$1,418 "
UBT-003735,Trees,UBT,Downtown,1,1900-01-01,500,2,1900-01-01,"$1,596 ","$1,418 "
UBT-000454,Trees,UBT,Downtown,1,1900-01-01,500,2,1900-01-01,"$1,596 ","$1,418 "
FRT-002416,Trees,FRT,Downtown,15,1900-01-01,500,5,1900-01-01,$6 ,$54 
UBT-005434,Trees,UBT,Downtown,1,1900-01-01,500,1,1900-01-01,"$1,596 ","$1,418 "
UBT-000431,Trees,UBT,Downtown,1,1900-01-01,500,3,1900-01-01,"$1,596 ","$1,418 "
TRF-000297,Grass,TRF,Downtown,199,1900-01-01,500,1,1900-01-01,"$25,078 ",$891 
UBT-000548,Trees,UBT,Downtown,1,1900-01-01,500,1,1900-01-01,"$1,596 ","$1,418 "
UBT-003953,Trees,UBT,Downtown,1,1900-01-01,500,4,1900-01-01,"$1,596 ","$1,418 "
UBT-000066,Trees,UBT,Downtown,1,1900-01-01,500,1,1900-01-01,"$1,596 ","$1,418 "
UBT-000434,Trees,UBT,Downtown,1,1900-01-01,500,1,1900-01-01,"$1,596 ","$1,418 "
UBT-000326,Trees,UBT,Downtown,1,1900-01-01,500,2,1900-01-01,"$1,596 ","$1,418 "
UBT-000527,Trees,UBT,Downtown,1,1900-01-01,500,1,1900-01-01,"$1,596 ","$1,418 "
UBT-000209,Trees,UBT,Downtown,1,1900-01-01,500,1,1900-01-01,"$1,596 ","$1,418 "
UBT-000105,Trees,UBT,Downtown,1,1900-01-01,500,1,1900-01-01,"$1,596 ","$1,418 "
UBT-000481,Trees,UBT,Downtown,1,1900-01-01,500,1,1900-01-01,"$1,596 ","$1,418 "
TRF-000065,Grass,TRF,Downtown,1670,1900-01-01,500,1,1900-01-01,"$210,456 ","$7,474 "
UBT-000569,Trees,UBT,Downtown,1,1900-01-01,500,1,1900-01-01,"$1,596 ","$1,418 "
UBT-000573,Trees,UBT,Downtown,1,1900-01-01,500,1,1900-01-01,"$1,596 ","$1,418 "
BRE-006564,Bare,BRE,Downtown,3732,1900-01-01,500,1,1900-01-01,$0 ,$0 
UBT-000095,Trees,UBT,Downtown,1,1900-01-01,500,1,1900-01-01,"$1,596 ","$1,418 "
UBT-004445,Trees,UBT,Downtown,1,1900-01-01,500,4,1900-01-01,"$1,596 ","$1,418 "
BLT-000555,Built,BLT,Downtown,199934,1900-01-01,500,1,1900-01-01,$0 ,$0 
UBT-000086,Trees,UBT,Downtown,1,1900-01-01,500,1,1900-01-01,"$1,596 ","$1,418 "
UBT-000108,Trees,UBT,Downtown,1,1900-01-01,500,1,1900-01-01,"$1,596 ","$1,418 "
UBT-000217,Trees,UBT,Downtown,1,1900-01-01,500,3,1900-01-01,"$1,596 ","$1,418 "
UBT-000226,Trees,UBT,Downtown,1,1900-01-01,500,1,1900-01-01,"$1,596 ","$1,418 "
TRF-000067,Grass,TRF,Downtown,104,1900-01-01,500,1,1900-01-01,"$13,106 ",$465 
UBT-000036,Trees,UBT,Downtown,1,1900-01-01,500,1,1900-01-01,"$1,596 ","$1,418 "
UBT-000503,Trees,UBT,Downtown,1,1900-01-01,500,1,1900-01-01,"$1,596 ","$1,418 "
UBT-000446,Trees,UBT,Downtown,1,1900-01-01,500,2,1900-01-01,"$1,596 ","$1,418 "
UBT-000276,Trees,UBT,Downtown,1,1900-01-01,500,1,1900-01-01,"$1,596 ","$1,418 "
UBT-000568,Trees,UBT,Downtown,1,1900-01-01,500,1,1900-01-01,"$1,596 ","$1,418 "
UBT-000429,Trees,UBT,Downtown,1,1900-01-01,500,2,1900-01-01,"$1,596 ","$1,418 "
UBT-000224,Trees,UBT,Downtown,1,1900-01-01,500,1,1900-01-01,"$1,596 ","$1,418 "
UBT-003227,Trees,UBT,Downtown,1,1900-01-01,500,1,1900-01-01,"$1,596 ","$1,418 "
UBT-000045,Trees,UBT,Downtown,1,1900-01-01,500,2,1900-01-01,"$1,596 ","$1,418 "
UBT-000223,Trees,UBT,Downtown,1,1900-01-01,500,1,1900-01-01,"$1,596 ","$1,418 "
UBT-000046,Trees,UBT,Downtown,1,1900-01-01,500,1,1900-01-01,"$1,596 ","$1,418 "
TRF-000294,Grass,TRF,Downtown,115,1900-01-01,500,1,1900-01-01,"$14,492 ",$515 
UBT-000495,Trees,UBT,Downtown,1,1900-01-01,500,1,1900-01-01,"$1,596 ","$1,418 "
UBT-000207,Trees,UBT,Downtown,1,1900-01-01,500,2,1900-01-01,"$1,596 ","$1,418 "
UBT-000262,Trees,UBT,Downtown,1,1900-01-01,500,1,1900-01-01,"$1,596 ","$1,418 "
UBT-000127,Trees,UBT,Downtown,1,1900-01-01,500,1,1900-01-01,"$1,596 ","$1,418 "
UBT-000322,Trees,UBT,Downtown,1,1900-01-01,500,4,1900-01-01,"$1,596 ","$1,418 "
UBT-000467,Trees,UBT,Downtown,1,1900-01-01,500,4,1900-01-01,"$1,596 ","$1,418 "
UBT-000499,Trees,UBT,Downtown,1,1900-01-01,500,1,1900-01-01,"$1,596 ","$1,418 "
UBT-000476,Trees,UBT,Downtown,1,1900-01-01,500,2,1900-01-01,"$1,596 ","$1,418 "
UBT-000584,Trees,UBT,Downtown,1,1900-01-01,500,1,1900-01-01,"$1,596 ","$1,418 "
UBT-004452,Trees,UBT,Downtown,1,1900-01-01,500,5,1900-01-01,"$1,596 ","$1,418 "
UBT-000067,Trees,UBT,Downtown,1,1900-01-01,500,1,1900-01-01,"$1,596 ","$1,418 "
UBT-003220,Trees,UBT,Downtown,1,1900-01-01,500,1,1900-01-01,"$1,596 ","$1,418 "
UBT-000107,Trees,UBT,Downtown,1,1900-01-01,500,1,1900-01-01,"$1,596 ","$1,418 "
UBT-000318,Trees,UBT,Downtown,1,1900-01-01,500,4,1900-01-01,"$1,596 ","$1,418 "
UBT-000208,Trees,UBT,Downtown,1,1900-01-01,500,1,1900-01-01,"$1,596 ","$1,418 "
UBT-000034,Trees,UBT,Downtown,1,1900-01-01,500,1,1900-01-01,"$1,596 ","$1,418 "
BRE-006549,Bare,BRE,Downtown,216,1900-01-01,500,1,1900-01-01,$0 ,$0 
UBT-000561,Trees,UBT,Downtown,1,1900-01-01,500,1,1900-01-01,"$1,596 ","$1,418 "
UBT-000518,Trees,UBT,Downtown,1,1900-01-01,500,3,1900-01-01,"$1,596 ","$1,418 "
UBT-000216,Trees,UBT,Downtown,1,1900-01-01,500,2,1900-01-01,"$1,596 ","$1,418 "
UBT-000082,Trees,UBT,Downtown,1,1900-01-01,500,2,1900-01-01,"$1,596 ","$1,418 "
UBT-000280,Trees,UBT,Downtown,1,1900-01-01,500,2,1900-01-01,"$1,596 ","$1,418 "
UBT-004309,Trees,UBT,Downtown,1,1900-01-01,500,4,1900-01-01,"$1,596 ","$1,418 "
POS-000225,Grass,POS,Downtown,537,1900-01-01,500,1,1900-01-01,"$9,305 ","$3,176 "
UBT-000275,Trees,UBT,Downtown,1,1900-01-01,500,1,1900-01-01,"$1,596 ","$1,418 "
POS-000252,Grass,POS,Downtown,1809,1900-01-01,500,3,1900-01-01,"$31,346 ","$10,700 "
UBT-000141,Trees,UBT,Downtown,1,1900-01-01,500,1,1900-01-01,"$1,596 ","$1,418 "
UBT-003232,Trees,UBT,Downtown,1,1900-01-01,500,1,1900-01-01,"$1,596 ","$1,418 "
POS-000234,Grass,POS,Downtown,702,1900-01-01,500,4,1900-01-01,"$12,164 ","$4,152 "
UBT-004304,Trees,UBT,Downtown,1,1900-01-01,500,4,1900-01-01,"$1,596 ","$1,418 "
UBT-000195,Trees,UBT,Downtown,1,1900-01-01,500,2,1900-01-01,"$1,596 ","$1,418 "
UBT-000258,Trees,UBT,Downtown,1,1900-01-01,500,2,1900-01-01,"$1,596 ","$1,418 "
UBT-000103,Trees,UBT,Downtown,1,1900-01-01,500,1,1900-01-01,"$1,596 ","$1,418 "
UBT-000264,Trees,UBT,Downtown,1,1900-01-01,500,2,1900-01-01,"$1,596 ","$1,418 "
UBT-000098,Trees,UBT,Downtown,1,1900-01-01,500,1,1900-01-01,"$1,596 ","$1,418 "
UBT-003222,Trees,UBT,Downtown,1,1900-01-01,500,1,1900-01-01,"$1,596 ","$1,418 "
UBT-000241,Trees,UBT,Downtown,1,1900-01-01,500,1,1900-01-01,"$1,596 ","$1,418 "
UBT-005436,Trees,UBT,Downtown,1,1900-01-01,500,1,1900-01-01,"$1,596 ","$1,418 "
TRF-000403,Grass,TRF,Downtown,1545,1900-01-01,500,3,1900-01-01,"$194,703 ","$6,915 "
UBT-000271,Trees,UBT,Downtown,1,1900-01-01,500,1,1900-01-01,"$1,596 ","$1,418 "
SHR-006196,Shrubs,SHR,Downtown,341,1900-01-01,500,2,1900-01-01,$112 ,$365 
UBT-000522,Trees,UBT,Downtown,1,1900-01-01,500,2,1900-01-01,"$1,596 ","$1,418 "
UBT-003671,Trees,UBT,Downtown,1,1900-01-01,500,2,1900-01-01,"$1,596 ","$1,418 "
UBT-000153,Trees,UBT,Downtown,1,1900-01-01,500,2,1900-01-01,"$1,596 ","$1,418 "
UBT-000111,Trees,UBT,Downtown,1,1900-01-01,500,1,1900-01-01,"$1,596 ","$1,418 "
UBT-003733,Trees,UBT,Downtown,1,1900-01-01,500,1,1900-01-01,"$1,596 ","$1,418 "
UBT-000445,Trees,UBT,Downtown,1,1900-01-01,500,1,1900-01-01,"$1,596 ","$1,418 "
UBT-004313,Trees,UBT,Downtown,1,1900-01-01,500,4,1900-01-01,"$1,596 ","$1,418 "
BLT-000543,Built,BLT,Downtown,125202,1900-01-01,500,2,1900-01-01,$0 ,$0 
BRE-006561,Bare,BRE,Downtown,15,1900-01-01,500,1,1900-01-01,$0 ,$0 
UBT-000065,Trees,UBT,Downtown,1,1900-01-01,500,1,1900-01-01,"$1,596 ","$1,418 "
UBT-000572,Trees,UBT,Downtown,1,1900-01-01,500,1,1900-01-01,"$1,596 ","$1,418 "
TRF-000068,Grass,TRF,Downtown,182,1900-01-01,500,3,1900-01-01,"$22,936 ",$815 
UBT-000029,Trees,UBT,Downtown,1,1900-01-01,500,2,1900-01-01,"$1,596 ","$1,418 "
UBT-000084,Trees,UBT,Downtown,1,1900-01-01,500,1,1900-01-01,"$1,596 ","$1,418 "
UBT-000465,Trees,UBT,Downtown,1,1900-01-01,500,4,1900-01-01,"$1,596 ","$1,418 "
UBT-000040,Trees,UBT,Downtown,1,1900-01-01,500,1,1900-01-01,"$1,596 ","$1,418 "
UBT-000305,Trees,UBT,Downtown,1,1900-01-01,500,4,1900-01-01,"$1,596 ","$1,418 "
UBT-002240,Trees,UBT,Downtown,1,1900-01-01,500,1,1900-01-01,"$1,596 ","$1,418 "
UBT-003238,Trees,UBT,Downtown,1,1900-01-01,500,1,1900-01-01,"$1,596 ","$1,418 "
UBT-000555,Trees,UBT,Downtown,1,1900-01-01,500,3,1900-01-01,"$1,596 ","$1,418 "
UBT-000491,Trees,UBT,Downtown,1,1900-01-01,500,1,1900-01-01,"$1,596 ","$1,418 "
UBT-000452,Trees,UBT,Downtown,1,1900-01-01,500,1,1900-01-01,"$1,596 ","$1,418 "
UBT-000202,Trees,UBT,Downtown,1,1900-01-01,500,1,1900-01-01,"$1,596 ","$1,418 "
UBT-000133,Trees,UBT,Downtown,1,1900-01-01,500,2,1900-01-01,"$1,596 ","$1,418 "
UBT-004314,Trees,UBT,Downtown,1,1900-01-01,500,4,1900-01-01,"$1,596 ","$1,418 "
UBT-000550,Trees,UBT,Downtown,1,1900-01-01,500,3,1900-01-01,"$1,596 ","$1,418 "
UBT-000027,Trees,UBT,Downtown,1,1900-01-01,500,2,1900-01-01,"$1,596 ","$1,418 "
UBT-000212,Trees,UBT,Downtown,1,1900-01-01,500,1,1900-01-01,"$1,596 ","$1,418 "
UBT-000564,Trees,UBT,Downtown,1,1900-01-01,500,1,1900-01-01,"$1,596 ","$1,418 "
UBT-000579,Trees,UBT,Downtown,1,1900-01-01,500,2,1900-01-01,"$1,596 ","$1,418 "
UBT-004444,Trees,UBT,Downtown,1,1900-01-01,500,4,1900-01-01,"$1,596 ","$1,418 "
UBT-002239,Trees,UBT,Downtown,1,1900-01-01,500,1,1900-01-01,"$1,596 ","$1,418 "
FRT-002503,Trees,FRT,Downtown,416,1900-01-01,500,4,1900-01-01,$171 ,"$1,466 "
UBT-000033,Trees,UBT,Downtown,1,1900-01-01,500,2,1900-01-01,"$1,596 ","$1,418 "
UBT-004448,Trees,UBT,Downtown,1,1900-01-01,500,5,1900-01-01,"$1,596 ","$1,418 "
UBT-000056,Trees,UBT,Downtown,1,1900-01-01,500,2,1900-01-01,"$1,596 ","$1,418 "
UBT-000097,Trees,UBT,Downtown,1,1900-01-01,500,1,1900-01-01,"$1,596 ","$1,418 "
UBT-000496,Trees,UBT,Downtown,1,1900-01-01,500,1,1900-01-01,"$1,596 ","$1,418 "
UBT-000256,Trees,UBT,Downtown,1,1900-01-01,500,1,1900-01-01,"$1,596 ","$1,418 "
UBT-000577,Trees,UBT,Downtown,1,1900-01-01,500,1,1900-01-01,"$1,596 ","$1,418 "
UBT-000109,Trees,UBT,Downtown,1,1900-01-01,500,1,1900-01-01,"$1,596 ","$1,418 "
UBT-000106,Trees,UBT,Downtown,1,1900-01-01,500,1,1900-01-01,"$1,596 ","$1,418 "
UBT-000317,Trees,UBT,Downtown,1,1900-01-01,500,4,1900-01-01,"$1,596 ","$1,418 "
UBT-003240,Trees,UBT,Downtown,1,1900-01-01,500,1,1900-01-01,"$1,596 ","$1,418 "
UBT-004440,Trees,UBT,Downtown,1,1900-01-01,500,5,1900-01-01,"$1,596 ","$1,418 "
UBT-000038,Trees,UBT,Downtown,1,1900-01-01,500,1,1900-01-01,"$1,596 ","$1,418 "
UBT-000144,Trees,UBT,Downtown,1,1900-01-01,500,2,1900-01-01,"$1,596 ","$1,418 "
UBT-000041,Trees,UBT,Downtown,1,1900-01-01,500,2,1900-01-01,"$1,596 ","$1,418 "
UBT-000069,Trees,UBT,Downtown,1,1900-01-01,500,1,1900-01-01,"$1,596 ","$1,418 "
TRF-000296,Grass,TRF,Downtown,108,1900-01-01,500,2,1900-01-01,"$13,610 ",$483 
UBT-000135,Trees,UBT,Downtown,1,1900-01-01,500,1,1900-01-01,"$1,596 ","$1,418 "
UBT-000063,Trees,UBT,Downtown,1,1900-01-01,500,1,1900-01-01,"$1,596 ","$1,418 "
UBT-003670,Trees,UBT,Downtown,1,1900-01-01,500,2,1900-01-01,"$1,596 ","$1,418 "
UBT-000567,Trees,UBT,Downtown,1,1900-01-01,500,1,1900-01-01,"$1,596 ","$1,418 "
UBT-004453,Trees,UBT,Downtown,1,1900-01-01,500,5,1900-01-01,"$1,596 ","$1,418 "
UBT-000260,Trees,UBT,Downtown,1,1900-01-01,500,1,1900-01-01,"$1,596 ","$1,418 "
UBT-000309,Trees,UBT,Downtown,1,1900-01-01,500,4,1900-01-01,"$1,596 ","$1,418 "
UBT-000199,Trees,UBT,Downtown,1,1900-01-01,500,1,1900-01-01,"$1,596 ","$1,418 "
UBT-000085,Trees,UBT,Downtown,1,1900-01-01,500,1,1900-01-01,"$1,596 ","$1,418 "
UBT-000294,Trees,UBT,Downtown,1,1900-01-01,500,1,1900-01-01,"$1,596 ","$1,418 "
UBT-000250,Trees,UBT,Downtown,1,1900-01-01,500,1,1900-01-01,"$1,596 ","$1,418 "
UBT-000557,Trees,UBT,Downtown,1,1900-01-01,500,1,1900-01-01,"$1,596 ","$1,418 "
UBT-000463,Trees,UBT,Downtown,1,1900-01-01,500,3,1900-01-01,"$1,596 ","$1,418 "
UBT-000556,Trees,UBT,Downtown,1,1900-01-01,500,3,1900-01-01,"$1,596 ","$1,418 "
UBT-000266,Trees,UBT,Downtown,1,1900-01-01,500,1,1900-01-01,"$1,596 ","$1,418 "
POS-000219,Grass,POS,Downtown,269,1900-01-01,500,2,1900-01-01,"$4,661 ","$1,591 "
UBT-000286,Trees,UBT,Downtown,1,1900-01-01,500,1,1900-01-01,"$1,596 ","$1,418 "
UBT-000466,Trees,UBT,Downtown,1,1900-01-01,500,3,1900-01-01,"$1,596 ","$1,418 "
UBT-000459,Trees,UBT,Downtown,1,1900-01-01,500,3,1900-01-01,"$1,596 ","$1,418 "
UBT-002243,Trees,UBT,Downtown,1,1900-01-01,500,1,1900-01-01,"$1,596 ","$1,418 "
FRT-002414,Trees,FRT,Downtown,247,1900-01-01,500,1,1900-01-01,$101 ,$868 
UBT-000558,Trees,UBT,Downtown,1,1900-01-01,500,1,1900-01-01,"$1,596 ","$1,418 "
UBT-000313,Trees,UBT,Downtown,1,1900-01-01,500,4,1900-01-01,"$1,596 ","$1,418 "
UBT-003675,Trees,UBT,Downtown,1,1900-01-01,500,4,1900-01-01,"$1,596 ","$1,418 "
UBT-002234,Trees,UBT,Downtown,1,1900-01-01,500,1,1900-01-01,"$1,596 ","$1,418 "
UBT-002229,Trees,UBT,Downtown,1,1900-01-01,500,1,1900-01-01,"$1,596 ","$1,418 "
UBT-004312,Trees,UBT,Downtown,1,1900-01-01,500,4,1900-01-01,"$1,596 ","$1,418 "
UBT-000486,Trees,UBT,Downtown,1,1900-01-01,500,1,1900-01-01,"$1,596 ","$1,418 "
UBT-000156,Trees,UBT,Downtown,1,1900-01-01,500,3,1900-01-01,"$1,596 ","$1,418 "
UBT-000037,Trees,UBT,Downtown,1,1900-01-01,500,1,1900-01-01,"$1,596 ","$1,418 "
UBT-000494,Trees,UBT,Downtown,1,1900-01-01,500,1,1900-01-01,"$1,596 ","$1,418 "
UBT-000194,Trees,UBT,Downtown,1,1900-01-01,500,1,1900-01-01,"$1,596 ","$1,418 "
UBT-000261,Trees,UBT,Downtown,1,1900-01-01,500,1,1900-01-01,"$1,596 ","$1,418 "
UBT-000574,Trees,UBT,Downtown,1,1900-01-01,500,1,1900-01-01,"$1,596 ","$1,418 "
UBT-003242,Trees,UBT,Downtown,1,1900-01-01,500,1,1900-01-01,"$1,596 ","$1,418 "
UBT-000310,Trees,UBT,Downtown,1,1900-01-01,500,4,1900-01-01,"$1,596 ","$1,418 "
UBT-000551,Trees,UBT,Downtown,1,1900-01-01,500,2,1900-01-01,"$1,596 ","$1,418 "
UBT-000090,Trees,UBT,Downtown,1,1900-01-01,500,1,1900-01-01,"$1,596 ","$1,418 "
UBT-000104,Trees,UBT,Downtown,1,1900-01-01,500,1,1900-01-01,"$1,596 ","$1,418 "
UBT-002233,Trees,UBT,Downtown,1,1900-01-01,500,1,1900-01-01,"$1,596 ","$1,418 "
UBT-004458,Trees,UBT,Downtown,1,1900-01-01,500,5,1900-01-01,"$1,596 ","$1,418 "
UBT-000076,Trees,UBT,Downtown,1,1900-01-01,500,1,1900-01-01,"$1,596 ","$1,418 "
UBT-003673,Trees,UBT,Downtown,1,1900-01-01,500,2,1900-01-01,"$1,596 ","$1,418 "
UBT-000571,Trees,UBT,Downtown,1,1900-01-01,500,1,1900-01-01,"$1,596 ","$1,418 "
UBT-000475,Trees,UBT,Downtown,1,1900-01-01,500,3,1900-01-01,"$1,596 ","$1,418 "
POS-000244,Grass,POS,Downtown,2738,1900-01-01,500,3,1900-01-01,"$47,444 ","$16,194 "
UBT-003728,Trees,UBT,Downtown,1,1900-01-01,500,2,1900-01-01,"$1,596 ","$1,418 "
UBT-000204,Trees,UBT,Downtown,1,1900-01-01,500,1,1900-01-01,"$1,596 ","$1,418 "
UBT-000477,Trees,UBT,Downtown,1,1900-01-01,500,3,1900-01-01,"$1,596 ","$1,418 "
UBT-000311,Trees,UBT,Downtown,1,1900-01-01,500,4,1900-01-01,"$1,596 ","$1,418 "
UBT-000447,Trees,UBT,Downtown,1,1900-01-01,500,2,1900-01-01,"$1,596 ","$1,418 "
UBT-000458,Trees,UBT,Downtown,1,1900-01-01,500,3,1900-01-01,"$1,596 ","$1,418 "
UBT-002232,Trees,UBT,Downtown,1,1900-01-01,500,1,1900-01-01,"$1,596 ","$1,418 "
UBT-003730,Trees,UBT,Downtown,1,1900-01-01,500,1,1900-01-01,"$1,596 ","$1,418 "
UBT-000532,Trees,UBT,Downtown,1,1900-01-01,500,1,1900-01-01,"$1,596 ","$1,418 "
UBT-000148,Trees,UBT,Downtown,1,1900-01-01,500,1,1900-01-01,"$1,596 ","$1,418 "
UBT-000214,Trees,UBT,Downtown,1,1900-01-01,500,1,1900-01-01,"$1,596 ","$1,418 "
UBT-000315,Trees,UBT,Downtown,1,1900-01-01,500,3,1900-01-01,"$1,596 ","$1,418 "
UBT-000462,Trees,UBT,Downtown,1,1900-01-01,500,2,1900-01-01,"$1,596 ","$1,418 "
UBT-004447,Trees,UBT,Downtown,1,1900-01-01,500,5,1900-01-01,"$1,596 ","$1,418 "
UBT-000062,Trees,UBT,Downtown,1,1900-01-01,500,3,1900-01-01,"$1,596 ","$1,418 "
UBT-000124,Trees,UBT,Downtown,1,1900-01-01,500,1,1900-01-01,"$1,596 ","$1,418 "
UBT-000563,Trees,UBT,Downtown,1,1900-01-01,500,1,1900-01-01,"$1,596 ","$1,418 "
UBT-000052,Trees,UBT,Downtown,1,1900-01-01,500,1,1900-01-01,"$1,596 ","$1,418 "
POS-000013,Grass,POS,Downtown,778,1900-01-01,500,2,1900-01-01,"$13,481 ","$4,602 "
GRS-001385,Grass,GRS,Downtown,246,1900-01-01,500,3,1900-01-01,$101 ,$894 
UBT-000079,Trees,UBT,Downtown,1,1900-01-01,500,1,1900-01-01,"$1,596 ","$1,418 "
UBT-000525,Trees,UBT,Downtown,1,1900-01-01,500,1,1900-01-01,"$1,596 ","$1,418 "
UBT-000055,Trees,UBT,Downtown,1,1900-01-01,500,2,1900-01-01,"$1,596 ","$1,418 "
UBT-000039,Trees,UBT,Downtown,1,1900-01-01,500,1,1900-01-01,"$1,596 ","$1,418 "
UBT-000553,Trees,UBT,Downtown,1,1900-01-01,500,3,1900-01-01,"$1,596 ","$1,418 "
UBT-000512,Trees,UBT,Downtown,1,1900-01-01,500,2,1900-01-01,"$1,596 ","$1,418 "
POS-000228,Grass,POS,Downtown,577,1900-01-01,500,1,1900-01-01,"$9,998 ","$3,413 "
UBT-004454,Trees,UBT,Downtown,1,1900-01-01,500,5,1900-01-01,"$1,596 ","$1,418 "
UBT-003672,Trees,UBT,Downtown,1,1900-01-01,500,2,1900-01-01,"$1,596 ","$1,418 "
UBT-000301,Trees,UBT,Downtown,1,1900-01-01,500,3,1900-01-01,"$1,596 ","$1,418 "
UBT-000449,Trees,UBT,Downtown,1,1900-01-01,500,2,1900-01-01,"$1,596 ","$1,418 "
UBT-003729,Trees,UBT,Downtown,1,1900-01-01,500,1,1900-01-01,"$1,596 ","$1,418 "
UBT-003669,Trees,UBT,Downtown,1,1900-01-01,500,2,1900-01-01,"$1,596 ","$1,418 "
UBT-000210,Trees,UBT,Downtown,1,1900-01-01,500,1,1900-01-01,"$1,596 ","$1,418 "
UBT-000508,Trees,UBT,Downtown,1,1900-01-01,500,1,1900-01-01,"$1,596 ","$1,418 "
UBT-003731,Trees,UBT,Downtown,1,1900-01-01,500,1,1900-01-01,"$1,596 ","$1,418 "
UBT-000455,Trees,UBT,Downtown,1,1900-01-01,500,2,1900-01-01,"$1,596 ","$1,418 "
UBT-000173,Trees,UBT,Downtown,1,1900-01-01,500,3,1900-01-01,"$1,596 ","$1,418 "
UBT-000163,Trees,UBT,Downtown,1,1900-01-01,500,1,1900-01-01,"$1,596 ","$1,418 "
UBT-000099,Trees,UBT,Downtown,1,1900-01-01,500,1,1900-01-01,"$1,596 ","$1,418 "
UBT-000432,Trees,UBT,Downtown,1,1900-01-01,500,4,1900-01-01,"$1,596 ","$1,418 "
UBT-000246,Trees,UBT,Downtown,1,1900-01-01,500,1,1900-01-01,"$1,596 ","$1,418 "
UBT-000490,Trees,UBT,Downtown,1,1900-01-01,500,1,1900-01-01,"$1,596 ","$1,418 "
UBT-002237,Trees,UBT,Downtown,1,1900-01-01,500,1,1900-01-01,"$1,596 ","$1,418 "
UBT-000030,Trees,UBT,Downtown,1,1900-01-01,500,2,1900-01-01,"$1,596 ","$1,418 "
UBT-003736,Trees,UBT,Downtown,1,1900-01-01,500,3,1900-01-01,"$1,596 ","$1,418 "
POS-000018,Grass,POS,Downtown,16249,1900-01-01,500,1,1900-01-01,"$281,562 ","$96,108 "
UBT-004299,Trees,UBT,Downtown,1,1900-01-01,500,4,1900-01-01,"$1,596 ","$1,418 "
UBT-004451,Trees,UBT,Downtown,1,1900-01-01,500,5,1900-01-01,"$1,596 ","$1,418 "
UBT-000128,Trees,UBT,Downtown,1,1900-01-01,500,1,1900-01-01,"$1,596 ","$1,418 "
UBT-000068,Trees,UBT,Downtown,1,1900-01-01,500,1,1900-01-01,"$1,596 ","$1,418 "
BLT-000553,Built,BLT,Downtown,882617,1900-01-01,500,2,1900-01-01,$0 ,$0 
UBT-000442,Trees,UBT,Downtown,1,1900-01-01,500,1,1900-01-01,"$1,596 ","$1,418 "
UBT-000245,Trees,UBT,Downtown,1,1900-01-01,500,1,1900-01-01,"$1,596 ","$1,418 "
UBT-000500,Trees,UBT,Downtown,1,1900-01-01,500,1,1900-01-01,"$1,596 ","$1,418 "
UBT-004315,Trees,UBT,Downtown,1,1900-01-01,500,4,1900-01-01,"$1,596 ","$1,418 "
BLT-001001,Park Bench,BLT,Downtown,1,2010-05-15,15,4,2024-01-15,"$2,500 ","$2,500 "
BLT-001002,Playground Equipment,BLT,West End,1,2005-08-20,20,3,2024-02-10,"$2,500 ","$2,500 "
BLT-001003,Picnic Table,BLT,Downtown,1,2015-06-10,12,5,2024-03-05,"$2,500 ","$2,500 "
BLT-001004,Garbage Bin,BLT,East Side,1,2018-09-25,10,4,2024-01-20,"$2,500 ","$2,500 "
BLT-001005,Fence Section,BLT,West End,50,2012-04-12,25,3,2024-02-28,"$2,500 ","$2,500 "
BLT-001006,Gazebo,BLT,Downtown,1,2008-07-30,30,4,2024-01-10,"$2,500 ","$2,500 "
BLT-001007,Walking Path,BLT,East Side,200,2014-03-18,15,3,2024-02-15,"$2,500 ","$2,500 "
BLT-001008,Retaining Wall,BLT,West End,75,2011-10-05,50,4,2024-01-25,"$2,500 ","$2,500 "
BLT-001009,Signage Post,BLT,Downtown,1,2019-11-12,8,5,2024-03-01,"$2,500 ","$2,500 "
BLT-001010,Bike Rack,BLT,East Side,1,2016-02-28,12,4,2024-01-30,"$2,500 ","$2,500 "